1,0.1197101
2,0.1197101
3,0.1197101
4,0
5,0.059855
6,0.1197101
7,0.2394202
8,0.1795651
9,0.2394202
10,0.4189853
11,0.4189853
12,0.3591303
13,0.5985504
14,0.4189853
15,0.2394202
16,0
17,0
18,0
19,0
20,0.1795651
21,0.1197101
22,0.1795651
23,-0.059855
24,-0.2992752
25,-0.1197101
26,0.059855
27,-0.059855
28,0
29,-0.059855
30,0.059855
31,0.2394202
32,0.1795651
33,0.3591303
34,0.4189853
35,0.2992752
36,0.1197101
37,0.1197101
38,0.059855
39,-0.1795651
40,-0.059855
41,0.3591303
42,0.059855
43,-0.2394202
44,0.1197101
45,0.1197101
46,-0.2394202
47,-0.2992752
48,0.1197101
49,0.2394202
50,0.059855
51,0.3591303
52,0.4189853
53,0.2394202
54,0.1795651
55,0
56,0
57,-0.3591303
58,-0.1795651
59,-0.1197101
60,0
61,0.059855
62,0.2394202
63,0.1795651
64,0
65,0
66,0
67,0.2394202
68,0.1795651
69,0.059855
70,0
71,0
72,0.1197101
73,0.059855
74,0.2394202
75,0.2992752
76,0.059855
77,0.059855
78,0.2394202
79,0
80,0.2394202
81,0.2394202
82,0
83,0.2992752
84,0.3591303
85,0.1795651
86,0.4189853
87,0.4788404
88,0.1795651
89,0
90,0
91,-0.059855
92,-0.2992752
93,-0.5985504
94,-0.8379706
95,-0.5985504
96,-0.2394202
97,-0.2394202
98,-0.059855
99,-0.059855
100,-0.1197101
101,-0.1197101
102,-0.2394202
103,-0.2394202
104,-0.2992752
105,-0.1197101
106,-0.2394202
107,-0.3591303
108,-0.2394202
109,-0.4189853
110,-0.2992752
111,-0.3591303
112,-0.4189853
113,-0.5985504
114,-0.1795651
115,-0.2992752
116,-0.4189853
117,-0.1795651
118,-0.2394202
119,-0.1197101
120,-0.059855
121,-0.059855
122,-0.2394202
123,0
124,-0.1197101
125,-0.1197101
126,0
127,0
128,-0.059855
129,0
130,0.1197101
131,0
132,0.059855
133,0
134,-0.059855
135,0
136,0.059855
137,0.059855
138,0.1197101
139,0.1197101
140,0.1197101
141,0.2394202
142,0.2992752
143,-0.059855
144,0
145,0
146,-0.059855
147,0.1197101
148,0.3591303
149,0.3591303
150,0.3591303
151,0.2394202
152,0
153,0
154,0.059855
155,0
156,0
157,-0.1197101
158,-0.1197101
159,-0.1795651
160,-0.059855
161,0
162,0
163,0
164,0
165,0.059855
166,0
167,0.1197101
168,0.2992752
169,0.3591303
170,0.4788404
171,0.4788404
172,0.059855
173,0.2394202
174,-0.059855
175,-0.2992752
176,0
177,0.1795651
178,0
179,0.1197101
180,0.2394202
181,0
182,-0.1197101
183,0
184,0
185,0
186,-0.2992752
187,-0.5386954
188,-0.6584055
189,-0.7182605
190,-0.6584055
191,-0.4189853
192,-0.1197101
193,-0.3591303
194,-0.1795651
195,-0.1795651
196,0.1197101
197,0
198,0.1795651
199,0.1795651
200,0.1795651
201,0.2394202
202,0.059855
203,0.059855
204,0
205,0.059855
206,0
207,-0.1197101
208,-0.059855
209,0
210,-0.059855
211,-0.2992752
212,-0.1197101
213,-0.059855
214,-0.1197101
215,-0.059855
216,-0.1795651
217,-0.4788404
218,-0.4189853
219,-0.4788404
220,-0.3591303
221,-0.1795651
222,-0.1197101
223,-0.1795651
224,-0.2394202
225,-0.1197101
226,0
227,0.1795651
228,0.2394202
229,0.4788404
230,0.2394202
231,0.1197101
232,0
233,0
234,0
235,0.1197101
236,0
237,-0.059855
238,-0.1197101
239,0
240,-0.059855
241,0.1795651
242,0.2992752
243,0.3591303
244,0.2992752
245,0.1197101
246,0
247,0.2394202
248,0
249,-0.2394202
250,-0.1795651
251,-0.1197101
252,-0.1197101
253,-0.2394202
254,-0.2394202
255,-0.059855
256,0
257,0
258,0.059855
259,0.3591303
260,0.3591303
261,0.1197101
262,0.1197101
263,0
264,-0.059855
265,0
266,-0.059855
267,0
268,-0.1795651
269,0.1197101
270,0.1795651
271,0.1197101
272,0
273,0
274,0
275,0.059855
276,0.1795651
277,0.3591303
278,0.1197101
279,0
280,0.059855
281,0.2394202
282,0.1795651
283,0.1795651
284,0.2394202
285,0
286,-0.059855
287,-0.059855
288,0
289,-0.1197101
290,-0.1197101
291,-0.059855
292,-0.2992752
293,-0.059855
294,0
295,-0.059855
296,0
297,0.1197101
298,0.2992752
299,0.3591303
300,0.1795651
301,0
302,0.1795651
303,0.1795651
304,0
305,0
306,0
307,-0.2992752
308,-0.4189853
309,-0.2992752
310,0
311,0
312,0
313,0
314,-0.1197101
315,-0.2394202
316,-0.1197101
317,0.059855
318,0.2992752
319,0
320,0.059855
321,0
322,0.1197101
323,0.059855
324,0
325,0
326,0
327,0.1197101
328,0.2394202
329,0.1795651
330,0.2992752
331,0.1795651
332,0.2394202
333,0.2992752
334,0.1795651
335,0.1197101
336,0.2992752
337,-0.059855
338,-0.059855
339,-0.1795651
340,-0.1795651
341,0
342,0
343,0
344,0
345,0
346,-0.059855
347,-0.059855
348,0
349,0
350,0.1795651
351,0.3591303
352,0.1197101
353,0
354,0
355,0
356,0
357,0
358,0.059855
359,0.059855
360,0
361,0.059855
362,-0.059855
363,0.059855
364,0.059855
365,-0.1197101
366,0
367,-0.1197101
368,0
369,0
370,-0.1795651
371,-0.2394202
372,0
373,0
374,0
375,0
376,0.1197101
377,0.059855
378,0
379,0.1197101
380,0.1795651
381,0
382,0.2394202
383,0.2394202
384,0
385,0.1197101
386,0
387,0
388,0
389,-0.1197101
390,-0.1795651
391,-0.2992752
392,-0.2992752
393,0
394,0.1795651
395,0.1795651
396,0
397,0
398,0
399,-0.1197101
400,-0.2992752
401,-0.1197101
402,0
403,-0.059855
404,-0.1197101
405,-0.2992752
406,-0.2992752
407,-0.5985504
408,-0.5386954
409,-0.4189853
410,-0.2394202
411,-0.2992752
412,-0.1197101
413,0
414,0
415,0.1197101
416,0
417,0.1197101
418,-0.059855
419,-0.1795651
420,0.059855
421,-0.1197101
422,0
423,0
424,-0.059855
425,0
426,0.1197101
427,0.059855
428,0
429,0
430,0.059855
431,0.2992752
432,0.059855
433,0.2992752
434,0
435,0.059855
436,-0.059855
437,-0.059855
438,-0.2394202
439,-0.059855
440,-0.1197101
441,0
442,0.1197101
443,-0.059855
444,0
445,-0.059855
446,-0.2394202
447,0
448,0.059855
449,0.1197101
450,0
451,0
452,-0.2394202
453,-0.2394202
454,0
455,0
456,-0.1197101
457,-0.059855
458,-0.1795651
459,-0.059855
460,-0.1197101
461,0
462,0.059855
463,0.2992752
464,0.1795651
465,0.2394202
466,0.1795651
467,0.1795651
468,0
469,0.1197101
470,0
471,0
472,0
473,0
474,0.1795651
475,0
476,0
477,0.059855
478,-0.059855
479,0.059855
480,0.1197101
481,0
482,-0.1197101
483,0.1795651
484,0.059855
485,0.059855
486,0.2992752
487,0.059855
488,0
489,0.2394202
490,0.3591303
491,0.5985504
492,0.6584055
493,0.5386954
494,0.1795651
495,0.1795651
496,0.1197101
497,0.4189853
498,0.059855
499,0.1197101
500,0
501,-0.059855
502,0
503,0.059855
504,0.2394202
505,0.5386954
506,0.6584055
507,0.4189853
508,0.1795651
509,0
510,-0.1197101
511,0
512,0
513,0
514,0
515,-0.1197101
516,-0.059855
517,-0.1795651
518,-0.2992752
519,-0.1795651
520,-0.1197101
521,-0.2394202
522,-0.2992752
523,0
524,0.059855
525,-0.059855
526,0.059855
527,0
528,0
529,0
530,0
531,0.059855
532,-0.1197101
533,-0.3591303
534,-0.2394202
535,0
536,0
537,0.2992752
538,0.1795651
539,0.4189853
540,0.059855
541,-0.1197101
542,0
543,0
544,0.3591303
545,0.3591303
546,0.3591303
547,0.3591303
548,0.1197101
549,0.059855
550,0
551,0
552,0
553,0
554,0
555,0
556,0.059855
557,0.4788404
558,0.3591303
559,0.1197101
560,-0.059855
561,0
562,-0.1197101
563,0
564,0
565,0
566,-0.2992752
567,-0.2992752
568,0
569,-0.1197101
570,-0.2992752
571,-0.2394202
572,-0.2992752
573,-0.1795651
574,-0.2992752
575,-0.2394202
576,-0.059855
577,-0.1197101
578,-0.2992752
579,-0.059855
580,-0.1795651
581,-0.1795651
582,-0.059855
583,-0.1197101
584,-0.2992752
585,-0.4788404
586,-0.6584055
587,-0.2992752
588,-0.2992752
589,-0.2394202
590,-0.1795651
591,-0.2394202
592,-0.2992752
593,0
594,0
595,0
596,0
597,0.059855
598,0
599,0.3591303
600,0.059855
601,0
602,0
603,0
604,0
605,-0.1795651
606,0
607,0
608,0
609,0
610,0
611,0
612,0.1197101
613,0
614,0
615,0.1795651
616,0.1197101
617,0.059855
618,0.2992752
619,0
620,0
621,0
622,0.1795651
623,0
624,0.059855
625,0
626,0.059855
627,-0.059855
628,0.059855
629,0.1795651
630,0
631,-0.2394202
632,-0.1197101
633,0
634,0
635,0.1795651
636,0.4788404
637,0.3591303
638,0.1197101
639,0
640,0
641,0.2394202
642,0.3591303
643,0.4189853
644,0.059855
645,0.1795651
646,-0.2394202
647,-0.3591303
648,-0.1197101
649,-0.1197101
650,-0.3591303
651,-0.2992752
652,-0.2394202
653,-0.2992752
654,-0.1197101
655,-0.1795651
656,-0.1795651
657,0
658,0
659,0.059855
660,0.1197101
661,0.1795651
662,0.1197101
663,0.1795651
664,0.1795651
665,0.2394202
666,0.1197101
667,0.1795651
668,0.2992752
669,0.059855
670,0.059855
671,0.1795651
672,0.2992752
673,0.2394202
674,0.059855
675,0.2992752
676,0.4788404
677,0.4788404
678,0.4788404
679,0.4189853
680,0
681,0
682,0
683,0.059855
684,0.1197101
685,0.1197101
686,0.1795651
687,0.1197101
688,0.059855
689,0.059855
690,0.059855
691,-0.2394202
692,-0.2992752
693,-0.5386954
694,-0.4788404
695,-0.059855
696,0
697,-0.1795651
698,0
699,0
700,0.059855
701,-0.1795651
702,0
703,0
704,0
705,0
706,0
707,0.059855
708,0.1795651
709,0.2992752
710,0
711,0
712,-0.059855
713,-0.1197101
714,-0.2992752
715,-0.4788404
716,-0.5985504
717,-0.4788404
718,-0.4189853
719,-0.1197101
720,-0.059855
721,0
722,0
723,0
724,0
725,0
726,0.1197101
727,0.1795651
728,0.3591303
729,0.2992752
730,0.3591303
731,0.2394202
732,0.2394202
733,0
734,0
735,-0.059855
736,0
737,-0.1795651
738,-0.3591303
739,-0.2992752
740,-0.059855
741,-0.4189853
742,0
743,0.059855
744,0.1795651
745,0
746,0
747,-0.1197101
748,-0.1795651
749,0
750,0
751,0.2394202
752,0.1197101
753,0.059855
754,0
755,0
756,-0.1197101
757,0
758,-0.1197101
759,0
760,0
761,-0.1197101
762,-0.2394202
763,-0.1795651
764,-0.059855
765,0
766,0.1795651
767,0.1197101
768,0.059855
769,0
770,0
771,0.1197101
772,0.059855
773,-0.1197101
774,-0.2992752
775,-0.1197101
776,-0.2394202
777,-0.2394202
778,-0.2992752
779,-0.2394202
780,-0.1795651
781,0
782,0
783,0.1795651
784,0.1795651
785,0.2394202
786,0.1197101
787,0.1795651
788,0.1795651
789,0.2394202
790,0.4788404
791,0.2992752
792,0.4189853
793,0.3591303
794,0.3591303
795,0.2992752
796,0.059855
797,-0.1795651
798,-0.5985504
799,-0.4788404
800,-0.3591303
801,-0.7182605
802,-0.5985504
803,-0.059855
804,-0.2992752
805,-0.4189853
806,-0.1795651
807,-0.4189853
808,-0.4189853
809,-0.3591303
810,-0.3591303
811,-0.2394202
812,-0.1795651
813,-0.1197101
814,0
815,-0.3591303
816,-0.2394202
817,0.059855
818,0.1795651
819,0.2394202
820,-0.059855
821,0.059855
822,0.1197101
823,0.059855
824,-0.059855
825,0
826,-0.1197101
827,0
828,0.059855
829,-0.059855
830,-0.4189853
831,-0.3591303
832,-0.1197101
833,-0.4189853
834,-0.7781155
835,-0.4189853
836,-0.4788404
837,-0.5985504
838,-0.059855
839,0
840,-0.059855
841,-0.1795651
842,-0.1795651
843,-0.1197101
844,-0.1197101
845,-0.1197101
846,0
847,0
848,-0.1197101
849,-0.1197101
850,-0.1197101
851,-0.2992752
852,0
853,0
854,0.059855
855,0
856,-0.1197101
857,0.1795651
858,0
859,0.059855
860,0.2394202
861,0.4189853
862,-0.059855
863,-0.2394202
864,-0.1197101
865,-0.2394202
866,-0.4189853
867,-0.1795651
868,-0.059855
869,0.1197101
870,0.059855
871,0.1197101
872,0
873,-0.1197101
874,-0.059855
875,0
876,-0.059855
877,-0.3591303
878,-0.2992752
879,0
880,0
881,-0.059855
882,-0.059855
883,0
884,-0.059855
885,-0.059855
886,0.059855
887,0
888,0
889,0.3591303
890,0.059855
891,0
892,0
893,0
894,0.2394202
895,0.059855
896,0
897,0.1197101
898,0.059855
899,0
900,0
901,0.1795651
902,0.1197101
903,0
904,0
905,0.059855
906,0.059855
907,0
908,-0.1197101
909,-0.1197101
910,0
911,0
912,0.059855
913,0
914,0
915,0
916,0
917,0.059855
918,0
919,0
920,0
921,0
922,-0.2992752
923,-0.4189853
924,-0.4788404
925,-0.2394202
926,-0.2992752
927,-0.2992752
928,-0.3591303
929,-0.2992752
930,-0.4788404
931,-0.5386954
932,-0.4788404
933,-0.4189853
934,-0.4189853
935,-0.2394202
936,0
937,0.059855
938,0.4189853
939,0.1197101
940,0.059855
941,-0.059855
942,0
943,0
944,0.059855
945,-0.1795651
946,-0.1197101
947,-0.3591303
948,-0.4788404
949,-0.059855
950,0
951,-0.7781155
952,-0.7182605
953,-0.4788404
954,-0.4189853
955,-0.3591303
956,-0.1197101
957,0
958,-0.059855
959,0.1795651
960,0
961,0
962,-0.059855
963,0
964,0.2992752
965,0.1197101
966,0.1197101
967,0.2394202
968,0.1795651
969,0.059855
970,0.059855
971,0.3591303
972,0.2992752
973,0.059855
974,-0.059855
975,-0.059855
976,0.059855
977,0.1197101
978,0
979,-0.1795651
980,0
981,0.1795651
982,0.1197101
983,-0.1197101
984,-0.1197101
985,-0.1795651
986,-0.1795651
987,0
988,0.2394202
989,0.2394202
990,0.2394202
991,0.1197101
992,0.1795651
993,0.2992752
994,0.2394202
995,0.3591303
996,0.2992752
997,0.1197101
998,0.1197101
999,0
1000,0
1001,0
1002,-0.2992752
1003,-0.1197101
1004,0
1005,0
1006,-0.059855
1007,0.1795651
1008,0.2394202
1009,0.1197101
1010,0
1011,0.059855
1012,0.059855
1013,0.1197101
1014,0.2394202
1015,0.059855
1016,-0.059855
1017,-0.2992752
1018,-0.1795651
1019,0
1020,-0.3591303
1021,-0.4189853
1022,-0.6584055
1023,-0.1197101
1024,0
1025,0
1026,-0.059855
1027,0.1795651
1028,0.2394202
1029,0
1030,0.1795651
1031,0
1032,-0.1795651
1033,-0.059855
1034,0.1795651
1035,0.2394202
1036,0.1197101
1037,0.2394202
1038,0.4189853
1039,0.1795651
1040,0.2394202
1041,0.2394202
1042,0.2394202
1043,0.059855
1044,0
1045,0
1046,0.2394202
1047,0
1048,0
1049,-0.059855
1050,-0.059855
1051,0.1197101
1052,0.1197101
1053,0.1795651
1054,0.3591303
1055,0.2394202
1056,0.059855
1057,0.2992752
1058,0.2992752
1059,0.1197101
1060,0.059855
1061,0
1062,0.2394202
1063,0
1064,-0.1197101
1065,0
1066,0
1067,0
1068,0.1795651
1069,0.4189853
1070,0.4189853
1071,0.2394202
1072,0.2394202
1073,0.059855
1074,0.1197101
1075,-0.059855
1076,0
1077,-0.059855
1078,0
1079,0
1080,0.1197101
1081,0.2992752
1082,0.059855
1083,0.1197101
1084,0.1197101
1085,0
1086,0
1087,-0.059855
1088,0
1089,0.059855
1090,0.1197101
1091,0.1197101
1092,0.059855
1093,0
1094,-0.1197101
1095,-0.1795651
1096,0
1097,0.059855
1098,0.1197101
1099,0.1197101
1100,0.059855
1101,-0.059855
1102,0
1103,0.2394202
1104,0.3591303
1105,0.4189853
1106,0.2394202
1107,0.3591303
1108,0.2394202
1109,0.1197101
1110,0
1111,0
1112,0.1197101
1113,0.1795651
1114,0.2992752
1115,0.059855
1116,0.1197101
1117,0.1795651
1118,0.059855
1119,0.1795651
1120,0
1121,-0.2394202
1122,-0.4189853
1123,-0.1795651
1124,0.1795651
1125,0.2992752
1126,0.1795651
1127,0.1795651
1128,0.1795651
1129,0.1795651
1130,0.059855
1131,0
1132,0.059855
1133,0
1134,-0.059855
1135,0
1136,0
1137,0.1795651
1138,0.2394202
1139,0.1197101
1140,0
1141,0
1142,0.1197101
1143,-0.1197101
1144,-0.1795651
1145,0.059855
1146,0
1147,0
1148,0.2394202
1149,0.1795651
1150,0
1151,0.059855
1152,0.1795651
1153,-0.1197101
1154,-0.2394202
1155,0.059855
1156,-0.2992752
1157,-0.2394202
1158,0
1159,0.059855
1160,0
1161,0.1197101
1162,0
1163,0
1164,-0.2394202
1165,-0.1197101
1166,-0.2394202
1167,-0.1795651
1168,-0.2992752
1169,-0.1197101
1170,0.1197101
1171,0
1172,0
1173,0
1174,0
1175,-0.4189853
1176,-0.5386954
1177,-0.1795651
1178,0
1179,-0.059855
1180,-0.059855
1181,0
1182,-0.1795651
1183,0
1184,-0.1197101
1185,-0.1795651
1186,0.1795651
1187,0.059855
1188,-0.059855
1189,0
1190,0.059855
1191,0
1192,0
1193,-0.059855
1194,-0.059855
1195,-0.2394202
1196,-0.1197101
1197,-0.2394202
1198,-0.4189853
1199,-0.5386954
1200,-0.4788404
1201,-0.2394202
1202,-0.1795651
1203,-0.2394202
1204,-0.2992752
1205,-0.1197101
1206,-0.1197101
1207,-0.2992752
1208,-0.1795651
1209,-0.059855
1210,-0.059855
1211,-0.059855
1212,-0.2394202
1213,-0.4189853
1214,-0.3591303
1215,0
1216,0
1217,0
1218,0
1219,0
1220,-0.059855
1221,-0.1197101
1222,0
1223,0
1224,0.4189853
1225,0.2394202
1226,0.2394202
1227,0.4189853
1228,0.2394202
1229,0.2992752
1230,0.4189853
1231,0.5386954
1232,0.5386954
1233,0.5985504
1234,0.4788404
1235,0.1795651
1236,0.1197101
1237,0.1197101
1238,0
1239,-0.059855
1240,0.2394202
1241,0
1242,0
1243,0
1244,0.1197101
1245,0.1197101
1246,-0.059855
1247,0
1248,0.2394202
1249,0
1250,0
1251,0
1252,0
1253,-0.059855
1254,-0.059855
1255,0.1197101
1256,0.1197101
1257,0.1795651
1258,0.2992752
1259,0.1197101
1260,0.2394202
1261,0
1262,0.1795651
1263,0.2394202
1264,0.1197101
1265,0.059855
1266,0.059855
1267,0
1268,-0.1795651
1269,-0.2992752
1270,-0.1795651
1271,-0.1795651
1272,-0.2394202
1273,-0.1795651
1274,-0.059855
1275,-0.059855
1276,0
1277,0.059855
1278,0.1795651
1279,0.3591303
1280,0.059855
1281,0
1282,0.1795651
1283,0.1795651
1284,0
1285,0.2394202
1286,0.4189853
1287,0.2992752
1288,0.4788404
1289,0.1795651
1290,0
1291,-0.1795651
1292,-0.2394202
1293,0
1294,-0.1197101
1295,-0.1197101
1296,-0.2394202
1297,-0.059855
1298,0
1299,0
1300,0
1301,0.059855
1302,0.1197101
1303,0.2394202
1304,-0.059855
1305,0
1306,0.2992752
1307,0.1795651
1308,0.059855
1309,0.1795651
1310,0.1197101
1311,0
1312,-0.059855
1313,0
1314,0.4788404
1315,0.4788404
1316,0.4788404
1317,0.1795651
1318,0.1197101
1319,-0.1795651
1320,0
1321,0
1322,0.2394202
1323,0.2394202
1324,0.1795651
1325,0.1197101
1326,0.1197101
1327,0
1328,0
1329,-0.1795651
1330,-0.059855
1331,0
1332,0
1333,0.2992752
1334,0.2394202
1335,0.3591303
1336,0.2992752
1337,0
1338,0
1339,0
1340,0.1197101
1341,0.059855
1342,0.059855
1343,0
1344,0
1345,0.059855
1346,0.059855
1347,0.1795651
1348,0.059855
1349,0
1350,0
1351,-0.1795651
1352,-0.059855
1353,-0.059855
1354,-0.1795651
1355,-0.2394202
1356,-0.1197101
1357,0
1358,0.2394202
1359,0.1197101
1360,0
1361,0.1197101
1362,0
1363,-0.059855
1364,-0.1197101
1365,-0.1197101
1366,-0.1795651
1367,0.059855
1368,0.1795651
1369,0.1197101
1370,0.1197101
1371,0.1795651
1372,0.2394202
1373,0.1197101
1374,0.1197101
1375,0.1795651
1376,0
1377,0
1378,-0.059855
1379,-0.1197101
1380,0
1381,0.059855
1382,0
1383,0.059855
1384,0.1197101
1385,0
1386,0.1197101
1387,0
1388,-0.1795651
1389,-0.1197101
1390,0.059855
1391,0.3591303
1392,0.059855
1393,0.059855
1394,0.1795651
1395,0
1396,-0.1795651
1397,-0.1197101
1398,-0.4189853
1399,-0.5985504
1400,-0.4788404
1401,-0.4189853
1402,0
1403,0
1404,-0.1197101
1405,-0.2992752
1406,-0.4788404
1407,-0.1795651
1408,-0.059855
1409,-0.1197101
1410,-0.2394202
1411,-0.1197101
1412,-0.1197101
1413,-0.1795651
1414,-0.2992752
1415,-0.1795651
1416,-0.3591303
1417,-0.2992752
1418,0
1419,0.1197101
1420,-0.2394202
1421,-0.2992752
1422,-0.2992752
1423,-0.059855
1424,-0.2394202
1425,-0.1197101
1426,0.059855
1427,-0.059855
1428,0
1429,-0.059855
1430,0
1431,-0.2992752
1432,-0.4189853
1433,-0.059855
1434,0
1435,-0.059855
1436,-0.059855
1437,0
1438,0
1439,0
1440,-0.1197101
1441,-0.1795651
1442,-0.059855
1443,-0.1197101
1444,-0.1197101
1445,0
1446,0.059855
1447,-0.1197101
1448,0
1449,-0.2394202
1450,-0.2394202
1451,-0.1795651
1452,0
1453,0
1454,0
1455,0.3591303
1456,0.1795651
1457,0.059855
1458,0.059855
1459,0.059855
1460,0.059855
1461,0.2992752
1462,0.5386954
1463,0.3591303
1464,0.2394202
1465,0.2394202
1466,0.2394202
1467,0.4189853
1468,0.2992752
1469,0.059855
1470,0
1471,-0.059855
1472,0
1473,-0.1197101
1474,-0.1795651
1475,-0.4189853
1476,-0.1197101
1477,-0.059855
1478,-0.1197101
1479,0
1480,-0.2394202
1481,-0.1197101
1482,-0.059855
1483,0
1484,-0.1795651
1485,-0.1795651
1486,-0.059855
1487,0
1488,0.2394202
1489,0.2992752
1490,0.4788404
1491,0.2394202
1492,0.2992752
1493,0.2992752
1494,0
1495,0
1496,-0.059855
1497,0
1498,-0.059855
1499,-0.4189853
1500,-0.1795651
1501,0
1502,0
1503,0
1504,0.1197101
1505,0.1795651
1506,0
1507,0
1508,-0.059855
1509,0
1510,0
1511,-0.059855
1512,0.1795651
1513,0
1514,0.1795651
1515,0.059855
1516,0.059855
1517,0.059855
1518,0.1197101
1519,0.1795651
1520,0
1521,0.1197101
1522,0.2394202
1523,0.3591303
1524,0.1197101
1525,0.2992752
1526,0.5985504
1527,0.2992752
1528,0.1197101
1529,0.1197101
1530,0.059855
1531,0
1532,0.059855
1533,0.059855
1534,-0.059855
1535,0
1536,-0.059855
1537,-0.1795651
1538,-0.1197101
1539,-0.059855
1540,-0.2394202
1541,-0.2394202
1542,-0.2992752
1543,-0.2992752
1544,-0.2394202
1545,-0.1795651
1546,-0.2394202
1547,0
1548,-0.1197101
1549,0
1550,0.1197101
1551,0.2992752
1552,0.2394202
1553,0
1554,0
1555,0.3591303
1556,0.2394202
1557,0
1558,0
1559,-0.4189853
1560,-0.5985504
1561,-0.059855
1562,0
1563,0
1564,0
1565,0
1566,-0.2394202
1567,0
1568,0
1569,-0.059855
1570,0.059855
1571,0
1572,-0.2394202
1573,0
1574,0.059855
1575,0
1576,0.1197101
1577,0.5386954
1578,0.2992752
1579,0.5386954
1580,0.3591303
1581,0.4189853
1582,0.7781155
1583,0.5985504
1584,0.4788404
1585,0.1197101
1586,-0.059855
1587,0
1588,-0.059855
1589,0.1795651
1590,0.2394202
1591,0.059855
1592,0.059855
1593,0.4788404
1594,0.2992752
1595,0
1596,0
1597,0.059855
1598,-0.2394202
1599,-0.4189853
1600,0
1601,0.059855
1602,0
1603,0
1604,-0.2394202
1605,-0.2394202
1606,-0.2992752
1607,-0.1197101
1608,0
1609,0.059855
1610,0
1611,0
1612,-0.059855
1613,0
1614,0
1615,0
1616,0
1617,0
1618,0
1619,0
1620,0.1795651
1621,0.2394202
1622,0.2992752
1623,0.1197101
1624,-0.059855
1625,0
1626,-0.1795651
1627,-0.2394202
1628,-0.2394202
1629,-0.2992752
1630,-0.5386954
1631,-0.2394202
1632,-0.2394202
1633,-0.1795651
1634,-0.1795651
1635,-0.2394202
1636,-0.2394202
1637,-0.1197101
1638,-0.2992752
1639,-0.1795651
1640,-0.1197101
1641,0
1642,0.059855
1643,0.3591303
1644,0.1795651
1645,0.1197101
1646,0.1197101
1647,0.1197101
1648,0.1197101
1649,0.1197101
1650,0.2394202
1651,0
1652,0
1653,0.059855
1654,0.059855
1655,0.1197101
1656,0.1197101
1657,0.1197101
1658,0.2394202
1659,0.2394202
1660,0.2394202
1661,0.2394202
1662,0.1197101
1663,0.059855
1664,0.3591303
1665,0.2394202
1666,0.1795651
1667,0.5386954
1668,0.4189853
1669,0.2394202
1670,0.2992752
1671,0.2992752
1672,0
1673,0
1674,0
1675,0.1795651
1676,0
1677,0
1678,0
1679,0
1680,0.1197101
1681,0.059855
1682,0
1683,0
1684,0
1685,0.059855
1686,0
1687,0
1688,0
1689,0.4189853
1690,0.4788404
1691,0.3591303
1692,0.2992752
1693,0.3591303
1694,0.5386954
1695,0.5386954
1696,0.2992752
1697,0.1197101
1698,0.059855
1699,0.059855
1700,-0.059855
1701,-0.1795651
1702,-0.059855
1703,-0.1197101
1704,-0.1795651
1705,-0.1795651
1706,0.059855
1707,0.2394202
1708,0
1709,0
1710,-0.059855
1711,-0.2394202
1712,-0.1795651
1713,-0.1197101
1714,-0.2394202
1715,-0.2992752
1716,-0.3591303
1717,-0.1197101
1718,-0.059855
1719,-0.2394202
1720,-0.059855
1721,0
1722,0
1723,0
1724,-0.2394202
1725,-0.2394202
1726,0
1727,0.1197101
1728,0.2394202
1729,0
1730,0
1731,-0.059855
1732,-0.059855
1733,-0.2394202
1734,-0.2992752
1735,-0.2394202
1736,-0.1197101
1737,0
1738,0.1795651
1739,0.3591303
1740,0.5985504
1741,0.4788404
1742,0.3591303
1743,0.059855
1744,0
1745,-0.1197101
1746,0
1747,-0.4189853
1748,-0.2992752
1749,-0.059855
1750,0.059855
1751,0.5386954
1752,0.059855
1753,0.1795651
1754,0.1197101
1755,0
1756,0
1757,0
1758,0.1795651
1759,0
1760,0.059855
1761,0
1762,0
1763,0
1764,-0.059855
1765,-0.2992752
1766,-0.3591303
1767,-0.059855
1768,-0.1197101
1769,-0.1795651
1770,-0.2394202
1771,-0.2992752
1772,0
1773,0.1795651
1774,0.2394202
1775,0
1776,0
1777,0
1778,0.2394202
1779,0.2394202
1780,0.2992752
1781,0
1782,-0.2992752
1783,-0.1795651
1784,0
1785,0
1786,0.059855
1787,0.1197101
1788,0.059855
1789,0.4189853
1790,0.2992752
1791,0.1795651
1792,-0.1795651
1793,-0.059855
1794,0
1795,0.1197101
1796,0
1797,0.2394202
1798,0.2394202
1799,0.3591303
1800,0.2394202
1801,0.1795651
1802,0.2394202
1803,0.1795651
1804,0.3591303
1805,0.4189853
1806,0.1197101
1807,0.2992752
1808,0.2992752
1809,0.1197101
1810,0
1811,0
1812,0
1813,0
1814,0.059855
1815,0.059855
1816,0
1817,0.059855
1818,0.3591303
1819,0.2394202
1820,0.1197101
1821,0.4189853
1822,0.2992752
1823,0.3591303
1824,0.4189853
1825,0.4788404
1826,0.3591303
1827,0.1197101
1828,0.1197101
1829,0
1830,-0.059855
1831,-0.2394202
1832,-0.1795651
1833,-0.2394202
1834,-0.1197101
1835,0
1836,0.059855
1837,0
1838,0
1839,0
1840,0.1197101
1841,0.059855
1842,0
1843,0
1844,0.1197101
1845,0.1197101
1846,-0.1197101
1847,0
1848,-0.1795651
1849,-0.3591303
1850,-0.1795651
1851,-0.1197101
1852,0.059855
1853,0.1795651
1854,0.059855
1855,0
1856,0
1857,0.1197101
1858,0.1795651
1859,0.1197101
1860,0.2394202
1861,0.2394202
1862,0.4189853
1863,0.4189853
1864,0.1795651
1865,0
1866,0.1197101
1867,0.2992752
1868,0.1197101
1869,0.1197101
1870,0
1871,0.1795651
1872,0.1795651
1873,0.2992752
1874,0.3591303
1875,0.4788404
1876,0.3591303
1877,0.3591303
1878,0.5386954
1879,0.3591303
1880,-0.059855
1881,0
1882,0.2394202
1883,0.4788404
1884,0.2992752
1885,0
1886,0.1795651
1887,0.1795651
1888,0.2394202
1889,0.2394202
1890,0.1795651
1891,0
1892,0.059855
1893,0.1197101
1894,0
1895,-0.1197101
1896,0
1897,-0.4189853
1898,-0.1795651
1899,-0.2992752
1900,-0.4189853
1901,-0.3591303
1902,-0.1795651
1903,0
1904,0
1905,-0.059855
1906,0
1907,0.1197101
1908,0.1197101
1909,0.1197101
1910,0.1795651
1911,0.1197101
1912,0.1795651
1913,0.059855
1914,0.059855
1915,-0.059855
1916,0.059855
1917,0.2394202
1918,0.1197101
1919,0.1197101
1920,0.1795651
1921,0.1795651
1922,0
1923,0.1197101
1924,0.2394202
1925,0.059855
1926,0.1197101
1927,0.2394202
1928,-0.1197101
1929,-0.1795651
1930,0
1931,0
1932,-0.2394202
1933,-0.1197101
1934,0
1935,0
1936,-0.2992752
1937,-0.4189853
1938,-0.1197101
1939,-0.1197101
1940,-0.4189853
1941,-0.2992752
1942,0
1943,0.059855
1944,0
1945,0
1946,-0.1197101
1947,-0.1795651
1948,0
1949,-0.059855
1950,-0.1795651
1951,-0.059855
1952,0.059855
1953,-0.1795651
1954,-0.4788404
1955,-0.7781155
1956,-0.4788404
1957,-0.2992752
1958,-0.2992752
1959,0.059855
1960,0
1961,0.059855
1962,0.1795651
1963,0.1795651
1964,-0.059855
1965,-0.1197101
1966,0
1967,0
1968,-0.1197101
1969,-0.4189853
1970,-0.2394202
1971,-0.2394202
1972,-0.059855
1973,0
1974,0.1197101
1975,0.4189853
1976,0.2992752
1977,0
1978,0.059855
1979,0
1980,-0.1795651
1981,-0.059855
1982,-0.1795651
1983,-0.2992752
1984,-0.1197101
1985,0.1197101
1986,0.2992752
1987,0.1795651
1988,0.2992752
1989,0.1197101
1990,0.059855
1991,0
1992,-0.1197101
1993,-0.059855
1994,0
1995,0
1996,-0.059855
1997,0.1795651
1998,0.2992752
1999,0.3591303
2000,0.2992752
2001,0.4189853
2002,0.5386954
2003,0.2992752
2004,0.3591303
2005,0.2992752
2006,0.3591303
2007,0
2008,-0.059855
2009,0
2010,-0.1197101
2011,-0.1197101
2012,-0.1197101
2013,-0.059855
2014,-0.4788404
2015,-0.6584055
2016,-0.4189853
2017,-0.1197101
2018,-0.059855
2019,-0.3591303
2020,-0.2992752
2021,-0.3591303
2022,-0.5985504
2023,-0.9576807
2024,-0.5985504
2025,-0.6584055
2026,-0.5386954
2027,-0.4189853
2028,-0.1795651
2029,0
2030,0.1795651
2031,0.3591303
2032,0.5386954
2033,0.4788404
2034,0.3591303
2035,0.3591303
2036,0.3591303
2037,0.5386954
2038,0.1795651
2039,0.1795651
2040,0.1795651
2041,0.1795651
2042,0.1795651
2043,0.1197101
2044,0.1197101
2045,0.2394202
2046,0.2394202
2047,0.2394202
2048,0.4788404
2049,0.4189853
2050,0.1795651
2051,0
2052,-0.1795651
2053,0
2054,-0.059855
2055,-0.059855
2056,-0.059855
2057,0
2058,-0.059855
2059,0
2060,-0.1197101
2061,-0.3591303
2062,-0.6584055
2063,-0.2992752
2064,-0.059855
2065,-0.1795651
2066,-0.2394202
2067,-0.1795651
2068,-0.5985504
2069,-0.8978256
2070,-0.8379706
2071,-0.6584055
2072,-0.5985504
2073,-0.5386954
2074,-0.2992752
2075,-0.1197101
2076,-0.1197101
2077,-0.2992752
2078,-0.3591303
2079,-0.2992752
2080,-0.2394202
2081,-0.1795651
2082,-0.059855
2083,-0.059855
2084,-0.059855
2085,-0.2992752
2086,-0.2394202
2087,0
2088,0.059855
2089,0
2090,0
2091,0.1197101
2092,0
2093,-0.1197101
2094,0
2095,0.3591303
2096,0.5386954
2097,0.3591303
2098,0.1795651
2099,0.3591303
2100,0.059855
2101,0
2102,0.1795651
2103,0.059855
2104,0.1197101
2105,-0.059855
2106,0.1197101
2107,0.059855
2108,0
2109,0
2110,0
2111,-0.2394202
2112,-0.1795651
2113,-0.1795651
2114,-0.3591303
2115,-0.3591303
2116,-0.1197101
2117,-0.2992752
2118,-0.1795651
2119,-0.2394202
2120,-0.1795651
2121,0.1795651
2122,0.2992752
2123,0.1795651
2124,0.1795651
2125,0
2126,-0.059855
2127,-0.1197101
2128,-0.1795651
2129,0
2130,0.2394202
2131,0.3591303
2132,0
2133,0.059855
2134,0.059855
2135,0.1197101
2136,0.1197101
2137,0.059855
2138,0.2992752
2139,0.059855
2140,0
2141,0
2142,0
2143,0
2144,-0.1197101
2145,-0.1197101
2146,0
2147,-0.1197101
2148,0
2149,-0.3591303
2150,-0.5985504
2151,-0.6584055
2152,-0.6584055
2153,-0.5985504
2154,-0.4788404
2155,-0.5985504
2156,-0.3591303
2157,-0.059855
2158,-0.1197101
2159,0
2160,0
2161,-0.1197101
2162,-0.059855
2163,0
2164,-0.059855
2165,0
2166,0
2167,-0.2394202
2168,-0.4788404
2169,-0.4189853
2170,-0.2394202
2171,-0.3591303
2172,-0.1795651
2173,0
2174,0.059855
2175,0.059855
2176,0.059855
2177,0.2394202
2178,0.3591303
2179,0.2992752
2180,0.1197101
2181,0.1795651
2182,0.1795651
2183,0
2184,0.059855
2185,0
2186,-0.059855
2187,-0.059855
2188,0
2189,0.059855
2190,0
2191,0
2192,0
2193,0
2194,0
2195,0.059855
2196,0.2992752
2197,0.1795651
2198,0.059855
2199,0
2200,-0.059855
2201,0.059855
2202,0
2203,0
2204,0
2205,0
2206,0.1795651
2207,0.4788404
2208,0.1197101
2209,0.1197101
2210,0.059855
2211,0.059855
2212,0.4189853
2213,0.2394202
2214,0.1197101
2215,0.2394202
2216,0.1197101
2217,0
2218,0
2219,0.1197101
2220,0.1795651
2221,0.4189853
2222,0.2394202
2223,0.1197101
2224,-0.059855
2225,-0.1795651
2226,-0.059855
2227,-0.2394202
2228,-0.1795651
2229,0
2230,0
2231,-0.1795651
2232,-0.2394202
2233,-0.1197101
2234,-0.1197101
2235,0
2236,0.1197101
2237,0.1795651
2238,0.4189853
2239,0.1795651
2240,0.059855
2241,0.3591303
2242,0.2992752
2243,0.1197101
2244,0.059855
2245,0
2246,0
2247,0
2248,0.059855
2249,-0.059855
2250,0
2251,0.059855
2252,0.059855
2253,0.059855
2254,0.1197101
2255,0.3591303
2256,0.2992752
2257,0
2258,-0.1197101
2259,-0.1197101
2260,-0.4189853
2261,-0.1795651
2262,-0.059855
2263,0
2264,0
2265,0
2266,-0.1197101
2267,0
2268,-0.059855
2269,-0.059855
2270,-0.2394202
2271,-0.2394202
2272,0
2273,0
2274,0.1795651
2275,-0.059855
2276,-0.2394202
2277,0.1197101
2278,0
2279,0
2280,0.1197101
2281,0.1197101
2282,0.2394202
2283,0.1197101
2284,0.4189853
2285,0.4189853
2286,0.4189853
2287,0.2992752
2288,0.1795651
2289,0
2290,-0.059855
2291,-0.1197101
2292,0
2293,0.1795651
2294,0
2295,-0.1197101
2296,-0.2992752
2297,-0.2992752
2298,0.059855
2299,0.059855
2300,0
2301,0.1197101
2302,0.059855
2303,0
2304,-0.1197101
2305,0
2306,0.3591303
2307,0.3591303
2308,0.1197101
2309,0
2310,-0.3591303
2311,-0.7182605
2312,-0.3591303
2313,-0.3591303
2314,-0.4189853
2315,-0.2992752
2316,-0.5985504
2317,-0.4788404
2318,-0.3591303
2319,-0.3591303
2320,-0.1197101
2321,-0.4189853
2322,-0.4189853
2323,-0.2394202
2324,-0.2394202
2325,0
2326,0.059855
2327,-0.1197101
2328,-0.3591303
2329,-0.1197101
2330,-0.1197101
2331,-0.1795651
2332,0
2333,-0.059855
2334,0.1795651
2335,0.2394202
2336,0.4189853
2337,0.2992752
2338,0.2394202
2339,0.2394202
2340,0.2394202
2341,0.4788404
2342,0.2992752
2343,0.1795651
2344,0.2992752
2345,0.3591303
2346,0.2992752
2347,0.1795651
2348,0.2394202
2349,0.059855
2350,0
2351,0
2352,0.059855
2353,-0.1795651
2354,-0.1197101
2355,-0.1197101
2356,-0.1197101
2357,0
2358,0
2359,0
2360,0
2361,0
2362,0.4189853
2363,0.1795651
2364,0.1795651
2365,0.059855
2366,-0.1197101
2367,-0.1795651
2368,-0.2992752
2369,0
2370,0.059855
2371,0
2372,0
2373,0.2394202
2374,0.1197101
2375,0.1795651
2376,0
2377,0
2378,0
2379,-0.059855
2380,-0.059855
2381,0.1795651
2382,0.3591303
2383,0
2384,-0.059855
2385,0
2386,-0.1197101
2387,-0.1795651
2388,-0.1197101
2389,0
2390,0
2391,0
2392,0.059855
2393,0.2992752
2394,0
2395,-0.1197101
2396,0
2397,0.1795651
2398,0.1197101
2399,0
2400,-0.059855
2401,-0.059855
2402,-0.1197101
2403,-0.1197101
2404,-0.059855
2405,0
2406,-0.2394202
2407,-0.1795651
2408,0
2409,0.059855
2410,0
2411,-0.059855
2412,0
2413,0
2414,0.059855
2415,0.1795651
2416,0.1795651
2417,0.1795651
2418,0
2419,-0.059855
2420,-0.059855
2421,0
2422,-0.1197101
2423,-0.059855
2424,0
2425,0
2426,0
2427,-0.1197101
2428,0
2429,0.1197101
2430,0.1795651
2431,0.1197101
2432,0
2433,0.2992752
2434,0.2992752
2435,0.2394202
2436,0.2992752
2437,0.059855
2438,0
2439,-0.1795651
2440,-0.059855
2441,0.1197101
2442,0.1197101
2443,0.1197101
2444,0.1795651
2445,0.2394202
2446,0.2394202
2447,0.2992752
2448,0.2992752
2449,0.2394202
2450,0.2394202
2451,0.5985504
2452,0.7182605
2453,0.1197101
2454,0
2455,0
2456,0
2457,0.1197101
2458,0
2459,-0.1197101
2460,0
2461,0
2462,0.2394202
2463,0.059855
2464,-0.1795651
2465,-0.1795651
2466,0.059855
2467,0
2468,0
2469,0.1795651
2470,0.059855
2471,0
2472,-0.1197101
2473,-0.1795651
2474,-0.059855
2475,0.1795651
2476,0.1795651
2477,0.1197101
2478,0.1795651
2479,-0.1197101
2480,-0.2394202
2481,-0.1795651
2482,-0.2394202
2483,-0.1197101
2484,-0.1197101
2485,-0.1795651
2486,-0.1795651
2487,-0.059855
2488,0.1795651
2489,0
2490,0
2491,0.1795651
2492,-0.059855
2493,0
2494,0.059855
2495,0.1197101
2496,0.2394202
2497,0.1197101
2498,0
2499,-0.1795651
2500,-0.059855
2501,-0.059855
2502,0
2503,0
2504,0.1197101
2505,0.3591303
2506,0.4788404
2507,0.5386954
2508,0.5985504
2509,0.4189853
2510,0.3591303
2511,0.1197101
2512,0
2513,0
2514,0
2515,0.2394202
2516,0
2517,0.059855
2518,0.2394202
2519,0.1795651
2520,0
2521,-0.1197101
2522,-0.1197101
2523,-0.1795651
2524,-0.2394202
2525,-0.059855
2526,0.2394202
2527,0.2992752
2528,0.2394202
2529,0
2530,0.2394202
2531,0.3591303
2532,0.2992752
2533,0.059855
2534,0.1197101
2535,0.1197101
2536,0.1795651
2537,0.2992752
2538,0.2394202
2539,0
2540,0.059855
2541,0
2542,0
2543,0
2544,0
2545,0
2546,0
2547,0
2548,-0.059855
2549,-0.4788404
2550,-0.3591303
2551,0
2552,0
2553,-0.1197101
2554,0
2555,0
2556,0
2557,0
2558,0
2559,-0.1795651
2560,-0.1197101
2561,-0.059855
2562,0
2563,0.2992752
2564,0.2992752
2565,0.1197101
2566,0.1795651
2567,0.2394202
2568,0.1197101
2569,0.2992752
2570,0
2571,-0.1197101
2572,-0.1197101
2573,-0.2992752
2574,-0.059855
2575,-0.1795651
2576,-0.2992752
2577,-0.4189853
2578,-0.2992752
2579,-0.1197101
2580,0
2581,-0.2394202
2582,-0.3591303
2583,-0.2394202
2584,-0.1197101
2585,-0.5985504
2586,-0.8379706
2587,-0.5386954
2588,-0.4788404
2589,-0.2992752
2590,0
2591,-0.1795651
2592,0
2593,0.059855
2594,0.059855
2595,0.1197101
2596,0.059855
2597,-0.059855
2598,0
2599,0.1795651
2600,0.1197101
2601,0.2992752
2602,0.3591303
2603,0.1795651
2604,0.2992752
2605,0.4189853
2606,0.3591303
2607,0.1197101
2608,0.1197101
2609,0.1197101
2610,0.1197101
2611,0.2992752
2612,0
2613,0.059855
2614,0.2394202
2615,0
2616,-0.1197101
2617,0.1795651
2618,0.2394202
2619,0.059855
2620,0.1795651
2621,-0.059855
2622,0
2623,-0.1795651
2624,-0.1795651
2625,-0.3591303
2626,-0.059855
2627,0
2628,-0.2394202
2629,-0.2394202
2630,0
2631,0.059855
2632,-0.059855
2633,-0.1197101
2634,-0.5386954
2635,-0.6584055
2636,-0.5985504
2637,-0.2394202
2638,-0.2394202
2639,-0.059855
2640,-0.1197101
2641,-0.2992752
2642,-0.4189853
2643,-0.4189853
2644,-0.2394202
2645,0
2646,0.059855
2647,0.2394202
2648,0.1795651
2649,0.1795651
2650,-0.059855
2651,-0.2394202
2652,-0.2992752
2653,-0.1795651
2654,0
2655,-0.059855
2656,-0.059855
2657,-0.1197101
2658,-0.1795651
2659,-0.2394202
2660,-0.3591303
2661,-0.1197101
2662,-0.2394202
2663,-0.2394202
2664,-0.059855
2665,0.1197101
2666,0.059855
2667,-0.059855
2668,-0.1197101
2669,-0.059855
2670,0
2671,-0.1795651
2672,0
2673,0
2674,0
2675,0.1197101
2676,0.2394202
2677,0.1197101
2678,0
2679,0
2680,0
2681,-0.059855
2682,0.059855
2683,0.1795651
2684,0
2685,-0.1197101
2686,0
2687,0
2688,0
2689,0
2690,0.059855
2691,0.2992752
2692,0.1197101
2693,0
2694,-0.2394202
2695,-0.2394202
2696,0
2697,0
2698,0.059855
2699,0.059855
2700,0
2701,-0.1197101
2702,-0.3591303
2703,-0.1795651
2704,-0.1197101
2705,-0.1795651
2706,-0.4788404
2707,-0.1795651
2708,0
2709,0
2710,0.059855
2711,0.1795651
2712,0.1795651
2713,-0.1197101
2714,-0.1795651
2715,-0.1795651
2716,-0.1795651
2717,0
2718,0.1197101
2719,0.3591303
2720,0.2992752
2721,0.1795651
2722,0.2394202
2723,0
2724,-0.059855
2725,-0.1795651
2726,0.059855
2727,0
2728,0
2729,-0.059855
2730,0
2731,0
2732,0.2992752
2733,0.1197101
2734,0
2735,0.1197101
2736,0.059855
2737,0.059855
2738,-0.1197101
2739,0
2740,0.1197101
2741,0
2742,0
2743,-0.2394202
2744,-0.5386954
2745,-0.2394202
2746,-0.1795651
2747,0
2748,0
2749,0
2750,0.1197101
2751,0.059855
2752,0
2753,0.059855
2754,0.1197101
2755,0.1197101
2756,0.2394202
2757,0.2992752
2758,0.2992752
2759,0.1197101
2760,0
2761,0
2762,0
2763,0.1795651
2764,0.059855
2765,-0.1795651
2766,-0.1197101
2767,-0.1795651
2768,0
2769,0
2770,-0.2394202
2771,0
2772,0
2773,0.1197101
2774,0.2992752
2775,0.4189853
2776,0.2394202
2777,0.1197101
2778,0.1795651
2779,0.2394202
2780,0.1197101
2781,0.2394202
2782,0.2992752
2783,-0.1197101
2784,-0.1795651
2785,0
2786,0
2787,0.2992752
2788,0.1197101
2789,0.3591303
2790,0.3591303
2791,0.2394202
2792,0.2992752
2793,0.5985504
2794,0.6584055
2795,0.5386954
2796,0.3591303
2797,0.4189853
2798,0.1795651
2799,0.4788404
2800,0.5985504
2801,0.7182605
2802,0.7182605
2803,0.4189853
2804,0.1795651
2805,0.1197101
2806,0.2992752
2807,0.2394202
2808,0
2809,0
2810,-0.1197101
2811,0
2812,0.059855
2813,0
2814,-0.1197101
2815,0.059855
2816,-0.059855
2817,0
2818,0.1197101
2819,-0.1795651
2820,-0.1197101
2821,-0.1197101
2822,0
2823,0
2824,0
2825,0
2826,0
2827,0
2828,0.1197101
2829,0.5386954
2830,0.4189853
2831,0
2832,0.1197101
2833,0
2834,-0.1795651
2835,-0.3591303
2836,-0.1197101
2837,-0.5985504
2838,-0.5985504
2839,-0.5985504
2840,-0.4189853
2841,-0.2394202
2842,-0.1197101
2843,-0.1197101
2844,0
2845,-0.059855
2846,-0.1795651
2847,0
2848,0
2849,0.1197101
2850,0.1795651
2851,0.1197101
2852,0
2853,0.1795651
2854,0.1795651
2855,0
2856,0
2857,0
2858,0
2859,0
2860,0.1197101
2861,0.2992752
2862,0.1795651
2863,0.2394202
2864,0.4189853
2865,0.2394202
2866,0.059855
2867,0
2868,-0.059855
2869,-0.1197101
2870,0
2871,0.1795651
2872,0.3591303
2873,0.1197101
2874,0
2875,0.1795651
2876,0.1795651
2877,0
2878,0.059855
2879,0.1197101
2880,0.059855
2881,0.1197101
2882,0.1197101
2883,-0.2394202
2884,-0.1197101
2885,-0.1197101
2886,0.2394202
2887,0.059855
2888,-0.1795651
2889,-0.2992752
2890,-0.2394202
2891,0
2892,-0.1197101
2893,-0.2394202
2894,-0.059855
2895,-0.059855
2896,0
2897,-0.059855
2898,-0.1795651
2899,-0.2992752
2900,-0.3591303
2901,-0.4189853
2902,-0.3591303
2903,-0.1197101
2904,0.1795651
2905,0.2992752
2906,0
2907,0.2394202
2908,0.3591303
2909,0.2394202
2910,0.1197101
2911,0.059855
2912,0.1795651
2913,0.1795651
2914,0
2915,-0.1197101
2916,-0.059855
2917,0
2918,0.059855
2919,0.2394202
2920,0
2921,0.1197101
2922,-0.1197101
2923,-0.2992752
2924,-0.2992752
2925,-0.3591303
2926,-0.3591303
2927,-0.1795651
2928,0
2929,-0.059855
2930,-0.059855
2931,0
2932,-0.2394202
2933,-0.2992752
2934,0
2935,0.2394202
2936,0
2937,0
2938,0.059855
2939,0
2940,-0.059855
2941,0
2942,0
2943,-0.2992752
2944,-0.3591303
2945,-0.059855
2946,-0.059855
2947,0.1795651
2948,0.2992752
2949,0.1197101
2950,0.2394202
2951,-0.059855
2952,-0.1197101
2953,-0.1197101
2954,0
2955,0.059855
2956,0.2992752
2957,0.2394202
2958,0.059855
2959,0.2394202
2960,0.1795651
2961,0.059855
2962,0
2963,0.059855
2964,0.1795651
2965,0.1795651
2966,0.1795651
2967,0.059855
2968,0.059855
2969,0
2970,-0.1197101
2971,-0.1197101
2972,-0.2394202
2973,0
2974,-0.059855
2975,0
2976,-0.059855
2977,-0.1197101
2978,0
2979,0
2980,0
2981,0
2982,0.1197101
2983,0.059855
2984,-0.1197101
2985,0.1197101
2986,0
2987,0.1197101
2988,0.1197101
2989,0
2990,0
2991,0
2992,-0.1197101
2993,0
2994,-0.2394202
2995,-0.2992752
2996,-0.059855
2997,-0.059855
2998,-0.059855
2999,-0.1197101
3000,0
3001,0.1197101
3002,0.1197101
3003,0.2992752
3004,0.059855
3005,0.1197101
3006,0.059855
3007,0
3008,-0.1197101
3009,-0.059855
3010,0.1197101
3011,0.1795651
3012,0.1795651
3013,0.059855
3014,0
3015,0.059855
3016,0.2992752
3017,0.1795651
3018,0.1795651
3019,0
3020,-0.1197101
3021,0
3022,0
3023,-0.1197101
3024,0.2394202
3025,0.2992752
3026,0.1795651
3027,0.2992752
3028,0.2992752
3029,0.4788404
3030,0.059855
3031,0.2992752
3032,0.2394202
3033,0.3591303
3034,0.2992752
3035,0.2394202
3036,0.059855
3037,0.2992752
3038,0.059855
3039,0
3040,0.059855
3041,-0.059855
3042,-0.1197101
3043,-0.3591303
3044,-0.2992752
3045,-0.1197101
3046,0
3047,-0.2394202
3048,-0.3591303
3049,-0.1197101
3050,0.059855
3051,0.1795651
3052,0.059855
3053,0
3054,-0.2992752
3055,-0.4788404
3056,-0.2992752
3057,-0.4189853
3058,-0.1197101
3059,-0.059855
3060,-0.059855
3061,-0.2992752
3062,0.059855
3063,0.2394202
3064,0
3065,0
3066,0
3067,0
3068,0
3069,-0.2394202
3070,-0.059855
3071,-0.059855
3072,0.1795651
3073,0.1197101
3074,0.1795651
3075,0.059855
3076,0
3077,0.059855
3078,0.4189853
3079,0.059855
3080,0.059855
3081,0.2394202
3082,0
3083,0
3084,-0.059855
3085,0
3086,0.059855
3087,0.1795651
3088,0
3089,0
3090,0
3091,0
3092,0.1795651
3093,0.1197101
3094,0
3095,-0.059855
3096,0.059855
3097,0.1795651
3098,0.2394202
3099,0.3591303
3100,0
3101,-0.059855
3102,0.2394202
3103,0.5386954
3104,0.1197101
3105,-0.1197101
3106,0.1197101
3107,0.1795651
3108,0.1197101
3109,0.1197101
3110,0
3111,0
3112,0
3113,0.1795651
3114,0
3115,-0.059855
3116,0
3117,0
3118,-0.2992752
3119,-0.1795651
3120,-0.2394202
3121,-0.1197101
3122,0
3123,0.1197101
3124,0.1197101
3125,0.1197101
3126,-0.059855
3127,0
3128,0
3129,-0.059855
3130,-0.1197101
3131,-0.3591303
3132,-0.2992752
3133,-0.2992752
3134,-0.059855
3135,-0.059855
3136,-0.059855
3137,0.059855
3138,0
3139,0
3140,0
3141,0
3142,-0.059855
3143,0.059855
3144,0
3145,-0.3591303
3146,-0.4189853
3147,-0.059855
3148,0
3149,0.059855
3150,0.059855
3151,0.2992752
3152,0.5386954
3153,0.4189853
3154,0.2394202
3155,0.2394202
3156,0.2992752
3157,0.1197101
3158,0.059855
3159,0.059855
3160,-0.2394202
3161,0
3162,-0.059855
3163,-0.1197101
3164,0
3165,-0.1795651
3166,-0.1795651
3167,0
3168,0
3169,-0.1795651
3170,-0.1795651
3171,0
3172,0
3173,0
3174,0.1795651
3175,0.1197101
3176,0
3177,0
3178,0
3179,0.059855
3180,-0.1197101
3181,0
3182,0
3183,0
3184,0
3185,0
3186,-0.3591303
3187,-0.2394202
3188,-0.2394202
3189,0
3190,0
3191,0
3192,-0.059855
3193,0
3194,0
3195,0
3196,0.1197101
3197,0.1795651
3198,0.1197101
3199,0
3200,0
3201,0.1795651
3202,0.059855
3203,-0.059855
3204,-0.1197101
3205,-0.1795651
3206,0
3207,-0.059855
3208,-0.3591303
3209,-0.1197101
3210,-0.1197101
3211,0
3212,0
3213,0.1197101
3214,-0.059855
3215,0
3216,0
3217,0.059855
3218,-0.1197101
3219,-0.059855
3220,-0.2394202
3221,-0.2394202
3222,-0.3591303
3223,-0.1795651
3224,0
3225,-0.059855
3226,0
3227,0.2394202
3228,0
3229,0
3230,-0.1197101
3231,0
3232,-0.059855
3233,0
3234,0
3235,-0.1795651
3236,-0.1197101
3237,-0.1197101
3238,0
3239,0.1197101
3240,0.1795651
3241,0.4788404
3242,0.5386954
3243,0.1795651
3244,0.1197101
3245,0
3246,-0.059855
3247,0
3248,0
3249,0.3591303
3250,0.2992752
3251,0.4189853
3252,0.3591303
3253,0.1197101
3254,-0.1795651
3255,-0.1795651
3256,-0.1197101
3257,-0.1197101
3258,0
3259,-0.059855
3260,-0.059855
3261,0
3262,0.059855
3263,-0.059855
3264,0
3265,0
3266,-0.2394202
3267,-0.1795651
3268,-0.1197101
3269,-0.1197101
3270,0
3271,0
3272,0.1197101
3273,0.059855
3274,0
3275,0
3276,-0.059855
3277,-0.059855
3278,0
3279,0.1197101
3280,-0.059855
3281,0
3282,-0.1197101
3283,0
3284,-0.1197101
3285,-0.059855
3286,-0.2992752
3287,-0.2992752
3288,-0.1197101
3289,-0.1197101
3290,-0.059855
3291,0.059855
3292,0.059855
3293,0.2992752
3294,0.2992752
3295,0.2394202
3296,0.1795651
3297,0.059855
3298,-0.2992752
3299,-0.4189853
3300,-0.1197101
3301,-0.1197101
3302,0
3303,0
3304,0
3305,-0.1197101
3306,0
3307,0
3308,0
3309,0.059855
3310,0.059855
3311,0
3312,0
3313,0.1197101
3314,0.059855
3315,0
3316,0
3317,0
3318,0
3319,0.059855
3320,0
3321,0
3322,-0.3591303
3323,-0.2394202
3324,-0.2394202
3325,-0.1197101
3326,-0.059855
3327,0
3328,0.059855
3329,-0.1197101
3330,-0.4788404
3331,-0.4189853
3332,-0.3591303
3333,-0.1197101
3334,0
3335,0.5386954
3336,0.9576807
3337,0.8978256
3338,0.7182605
3339,0.4788404
3340,0.5386954
3341,0.6584055
3342,0.4189853
3343,0.2394202
3344,0.2992752
3345,0.059855
3346,0.059855
3347,0.059855
3348,0
3349,-0.1197101
3350,-0.059855
3351,-0.2394202
3352,-0.059855
3353,0
3354,0
3355,0.1197101
3356,0.1197101
3357,0.1795651
3358,0.1795651
3359,0.2394202
3360,0.1795651
3361,0
3362,0
3363,0
3364,0
3365,0
3366,-0.2992752
3367,0
3368,-0.059855
3369,-0.1795651
3370,-0.1795651
3371,0
3372,0.059855
3373,0
3374,0.2992752
3375,0.1795651
3376,0
3377,0.059855
3378,0.2992752
3379,0
3380,0
3381,0
3382,-0.1795651
3383,-0.059855
3384,0.059855
3385,-0.059855
3386,0.1197101
3387,0.1795651
3388,0.1795651
3389,0.2394202
3390,0.1197101
3391,0.059855
3392,0.1197101
3393,-0.059855
3394,-0.1197101
3395,-0.1197101
3396,-0.4788404
3397,-0.5985504
3398,-0.7182605
3399,-0.3591303
3400,-0.8379706
3401,-0.5985504
3402,-0.4788404
3403,-0.2992752
3404,-0.1795651
3405,-0.2394202
3406,-0.2394202
3407,-0.1197101
3408,-0.2394202
3409,-0.2992752
3410,-0.1795651
3411,0
3412,0.1197101
3413,0.1197101
3414,0
3415,0.1795651
3416,0.059855
3417,0.1197101
3418,0.1795651
3419,0.3591303
3420,0.4189853
3421,0.1197101
3422,0.1197101
3423,0.1197101
3424,0.2394202
3425,0.1197101
3426,0
3427,0.059855
3428,0.1795651
3429,0.1197101
3430,0.1197101
3431,0
3432,-0.1197101
3433,0
3434,0.2394202
3435,0.1795651
3436,0.2992752
3437,0.3591303
3438,0
3439,0
3440,0
3441,0.3591303
3442,0.1795651
3443,-0.059855
3444,-0.1795651
3445,-0.2394202
3446,-0.4788404
3447,-0.2394202
3448,0
3449,-0.2394202
3450,-0.4189853
3451,-0.4788404
3452,-0.4189853
3453,-0.059855
3454,0
3455,0
3456,0
3457,0
3458,-0.059855
3459,0.1197101
3460,0.1197101
3461,-0.1197101
3462,-0.2394202
3463,-0.2394202
3464,-0.2992752
3465,-0.2394202
3466,0
3467,0
3468,0
3469,0
3470,0.1197101
3471,0.2992752
3472,0.1795651
3473,0.059855
3474,0.1795651
3475,0.1197101
3476,0.2992752
3477,0.2992752
3478,0.1795651
3479,0.1197101
3480,0.059855
3481,0.1795651
3482,0
3483,0
3484,0.1197101
3485,0.1197101
3486,0.3591303
3487,0.2992752
3488,0.1197101
3489,0.1197101
3490,0.059855
3491,0
3492,-0.059855
3493,-0.1795651
3494,0
3495,0.2992752
3496,0.1795651
3497,0.1197101
3498,0.1795651
3499,0
3500,0
3501,0
3502,0
3503,0
3504,0
3505,0
3506,-0.2394202
3507,0
3508,0
3509,-0.2992752
3510,-0.2992752
3511,-0.1795651
3512,-0.1197101
3513,0.059855
3514,0.1197101
3515,0
3516,0
3517,0.2394202
3518,0.2394202
3519,0.1197101
3520,0.4788404
3521,0.4788404
3522,0.3591303
3523,0.4788404
3524,0.2394202
3525,0.1197101
3526,0.1197101
3527,0.059855
3528,0.1197101
3529,0.4788404
3530,0.4788404
3531,0.2394202
3532,0.1197101
3533,0
3534,-0.2394202
3535,-0.5386954
3536,-0.4189853
3537,-0.1795651
3538,-0.1795651
3539,-0.059855
3540,0
3541,0.2394202
3542,0.4788404
3543,0.2992752
3544,0.2992752
3545,0.2394202
3546,0.1795651
3547,0
3548,0.1197101
3549,0.059855
3550,0.1197101
3551,0
3552,-0.059855
3553,-0.1197101
3554,0
3555,0
3556,0
3557,0
3558,0.059855
3559,-0.1795651
3560,0
3561,0.059855
3562,0.059855
3563,0.1795651
3564,0
3565,0
3566,0
3567,0
3568,0
3569,0.059855
3570,0.059855
3571,0
3572,0
3573,0
3574,-0.059855
3575,0
3576,-0.1197101
3577,-0.1197101
3578,-0.3591303
3579,-0.4189853
3580,-0.2992752
3581,-0.3591303
3582,-0.1197101
3583,-0.1197101
3584,0
3585,0
3586,-0.1197101
3587,-0.1197101
3588,-0.2394202
3589,-0.3591303
3590,-0.5386954
3591,-0.5985504
3592,-0.2394202
3593,-0.2394202
3594,-0.059855
3595,0.1197101
3596,0.059855
3597,0.2992752
3598,0.2394202
3599,0
3600,-0.059855
3601,-0.1197101
3602,-0.3591303
3603,-0.2992752
3604,-0.2394202
3605,-0.4189853
3606,-0.4788404
3607,0
3608,0.1795651
3609,0.1795651
3610,0.1795651
3611,0.1795651
3612,0
3613,0
3614,0.1795651
3615,0.059855
3616,0.2992752
3617,0.059855
3618,0
3619,0
3620,0.059855
3621,0
3622,0
3623,-0.059855
3624,-0.1197101
3625,0
3626,0.059855
3627,0.059855
3628,0.1197101
3629,0.1795651
3630,0
3631,0
3632,0
3633,-0.1197101
3634,-0.2394202
3635,0
3636,0.1795651
3637,0.2394202
3638,0.1795651
3639,0
3640,0.1197101
3641,0
3642,0
3643,0
3644,0
3645,0
3646,-0.1197101
3647,-0.1197101
3648,-0.059855
3649,0
3650,0
3651,-0.1197101
3652,-0.1795651
3653,-0.059855
3654,0.2992752
3655,0.1197101
3656,0
3657,-0.1795651
3658,-0.1795651
3659,-0.2992752
3660,-0.2394202
3661,-0.1197101
3662,0
3663,-0.059855
3664,0
3665,0
3666,0.2394202
3667,0.3591303
3668,0.2992752
3669,0
3670,0
3671,0.2992752
3672,0.4189853
3673,0.1197101
3674,0
3675,0.059855
3676,-0.1197101
3677,-0.1197101
3678,-0.1795651
3679,-0.4788404
3680,-0.4788404
3681,-0.1795651
3682,-0.2992752
3683,-0.1795651
3684,-0.4189853
3685,0
3686,0.1795651
3687,0.1197101
3688,0.1795651
3689,0.4189853
3690,0.4788404
3691,0.2992752
3692,0
3693,0
3694,0
3695,0
3696,0.1197101
3697,0
3698,0.059855
3699,0
3700,-0.1197101
3701,0
3702,0
3703,-0.1197101
3704,0
3705,0.1795651
3706,0
3707,0
3708,0.059855
3709,0
3710,-0.059855
3711,-0.2992752
3712,0
3713,0
3714,0
3715,0.059855
3716,0
3717,0.059855
3718,0.2394202
3719,0
3720,0.059855
3721,0
3722,0
3723,-0.1197101
3724,-0.1795651
3725,-0.1795651
3726,-0.1795651
3727,-0.3591303
3728,-0.1795651
3729,-0.059855
3730,-0.059855
3731,0
3732,0.1795651
3733,0.2992752
3734,0
3735,0.2394202
3736,0.3591303
3737,0.1197101
3738,0
3739,-0.2394202
3740,0
3741,0
3742,0.2394202
3743,0.2394202
3744,0.2992752
3745,0.2394202
3746,0
3747,0
3748,0
3749,0
3750,-0.5386954
3751,-0.2992752
3752,-0.1795651
3753,-0.1795651
3754,-0.1795651
3755,0
3756,0.1197101
3757,0
3758,0.059855
3759,0.1795651
3760,0.5985504
3761,0.4788404
3762,0.3591303
3763,0.2394202
3764,0
3765,-0.059855
3766,-0.059855
3767,-0.1197101
3768,-0.2394202
3769,-0.059855
3770,0
3771,0
3772,0.059855
3773,0.059855
3774,0.2992752
3775,0.1197101
3776,0
3777,0.1795651
3778,0.1795651
3779,0.1197101
3780,0
3781,-0.1197101
3782,0
3783,0.2394202
3784,0
3785,0.059855
3786,0
3787,0
3788,-0.059855
3789,-0.4788404
3790,-0.4788404
3791,-0.3591303
3792,-0.2394202
3793,-0.1197101
3794,0.1197101
3795,0.1197101
3796,0
3797,-0.2992752
3798,0
3799,0.1197101
3800,0
3801,0
3802,0.1795651
3803,0.2394202
3804,0.2394202
3805,-0.1197101
3806,-0.2992752
3807,0.1795651
3808,0.1795651
3809,0.059855
3810,0
3811,0
3812,-0.4189853
3813,-0.3591303
3814,0.059855
3815,0.4788404
3816,0.4189853
3817,0.1795651
3818,0.2394202
3819,0.1795651
3820,0
3821,0.1197101
3822,0
3823,-0.1795651
3824,-0.1197101
3825,-0.1795651
3826,-0.1795651
3827,-0.059855
3828,-0.2394202
3829,-0.1795651
3830,-0.3591303
3831,-0.4189853
3832,-0.2394202
3833,-0.1197101
3834,-0.1795651
3835,-0.1197101
3836,0
3837,0.1795651
3838,0.059855
3839,0
3840,0.1197101
3841,0.2394202
3842,0.2394202
3843,0.1197101
3844,-0.059855
3845,-0.1795651
3846,-0.1795651
3847,-0.2992752
3848,0.059855
3849,0.3591303
3850,0.2394202
3851,0.1795651
3852,0.059855
3853,0.2394202
3854,0.1795651
3855,0.2992752
3856,0.2992752
3857,0.3591303
3858,0
3859,0
3860,0.2394202
3861,0.3591303
3862,0.2992752
3863,0.5985504
3864,0.6584055
3865,0.4189853
3866,0.059855
3867,0
3868,0
3869,0.3591303
3870,0.2394202
3871,0.059855
3872,0
3873,0.059855
3874,-0.059855
3875,0
3876,0.059855
3877,0
3878,0
3879,0.1197101
3880,0
3881,0
3882,0
3883,-0.1197101
3884,-0.3591303
3885,-0.3591303
3886,-0.4189853
3887,-0.2992752
3888,-0.1795651
3889,0.1197101
3890,0
3891,0.1795651
3892,0.3591303
3893,0.1795651
3894,0
3895,-0.1197101
3896,-0.1197101
3897,0
3898,0.1795651
3899,0.059855
3900,0
3901,0
3902,0
3903,0.059855
3904,0.059855
3905,-0.059855
3906,-0.059855
3907,-0.059855
3908,0
3909,0
3910,-0.059855
3911,-0.2394202
3912,-0.3591303
3913,-0.1795651
3914,-0.1197101
3915,-0.4189853
3916,-0.1795651
3917,0
3918,0
3919,0.2394202
3920,0.2992752
3921,0.2992752
3922,0.1197101
3923,0
3924,0
3925,0.059855
3926,0.1795651
3927,0
3928,0
3929,0.059855
3930,0
3931,-0.1197101
3932,-0.1795651
3933,-0.2992752
3934,-0.4189853
3935,-0.2992752
3936,-0.2394202
3937,-0.1197101
3938,-0.059855
3939,0
3940,-0.2992752
3941,-0.3591303
3942,-0.3591303
3943,-0.2394202
3944,-0.1795651
3945,-0.059855
3946,-0.2394202
3947,-0.1795651
3948,-0.2992752
3949,-0.2394202
3950,-0.2992752
3951,-0.5386954
3952,-0.5386954
3953,-0.2394202
3954,-0.4189853
3955,-0.1795651
3956,0
3957,0
3958,0
3959,0
3960,0.1197101
3961,0.1795651
3962,-0.059855
3963,0.1197101
3964,0.059855
3965,-0.1197101
3966,-0.2992752
3967,0
3968,0
3969,0
3970,0
3971,0.1795651
3972,0.3591303
3973,0.2992752
3974,0.1795651
3975,0.1795651
3976,0.1795651
3977,0
3978,0
3979,0.059855
3980,0.1795651
3981,-0.059855
3982,0
3983,0
3984,0
3985,0
3986,0
3987,0.2394202
3988,0.2992752
3989,0.3591303
3990,0.5386954
3991,0.4788404
3992,0.5386954
3993,0.4189853
3994,0.4189853
3995,0.5386954
3996,0
3997,0
3998,0.2394202
3999,0.3591303
4000,0
4001,0
4002,0
4003,-0.2394202
4004,-0.059855
4005,0.1197101
4006,0.2992752
4007,0.2992752
4008,0.1197101
4009,0
4010,-0.1197101
4011,0
4012,-0.059855
4013,0
4014,-0.059855
4015,-0.2992752
4016,-0.2992752
4017,0
4018,0.059855
4019,0.1795651
4020,0.2992752
4021,0
4022,0
4023,-0.1197101
4024,-0.2394202
4025,-0.1795651
4026,0
4027,0.1197101
4028,0
4029,0.2992752
4030,0.1197101
4031,0
4032,-0.1197101
4033,0
4034,-0.1795651
4035,-0.1197101
4036,0.059855
4037,0.059855
4038,-0.059855
4039,0.1795651
4040,0.059855
4041,0.059855
4042,0.1795651
4043,0
4044,0
4045,0
4046,0.059855
4047,0.1197101
4048,0.2394202
4049,0.1795651
4050,0.3591303
4051,0.2992752
4052,0.4788404
4053,0.059855
4054,0
4055,0
4056,0.1197101
4057,0.059855
4058,0
4059,0
4060,0
4061,0
4062,0.059855
4063,0.059855
4064,0.059855
4065,0.1795651
4066,0.059855
4067,-0.1795651
4068,-0.1197101
4069,0
4070,0
4071,0
4072,0.059855
4073,0
4074,0
4075,0
4076,-0.059855
4077,0
4078,0
4079,0
4080,-0.059855
4081,0
4082,0.059855
4083,-0.1795651
4084,-0.4189853
4085,-0.2992752
4086,-0.3591303
4087,-0.2394202
4088,-0.1197101
4089,0.059855
4090,0.059855
4091,-0.1795651
4092,-0.1197101
4093,0
4094,0
4095,-0.059855
4096,-0.059855
4097,-0.1795651
4098,-0.6584055
4099,-0.5386954
4100,-0.1197101
4101,-0.1795651
4102,0.059855
4103,0
4104,0.2394202
4105,0.3591303
4106,0.5985504
4107,0.1197101
4108,0
4109,0
4110,0
4111,0
4112,0.059855
4113,0.1795651
4114,0.059855
4115,0
4116,-0.2394202
4117,-0.1197101
4118,-0.1795651
4119,-0.1197101
4120,-0.1795651
4121,-0.1795651
4122,-0.1795651
4123,-0.2992752
4124,0
4125,0.1197101
4126,0.2992752
4127,0.3591303
4128,0.4788404
4129,0.2992752
4130,0.4189853
4131,0.2992752
4132,0.2992752
4133,0.1795651
4134,0.2394202
4135,0.059855
4136,0.1795651
4137,0.1197101
4138,0
4139,0.059855
4140,0
4141,0
4142,0.059855
4143,0.1795651
4144,0
4145,-0.1795651
4146,-0.2992752
4147,-0.3591303
4148,-0.2992752
4149,0
4150,0
4151,-0.059855
4152,0
4153,0.2992752
4154,0.1795651
4155,0.059855
4156,0
4157,-0.1795651
4158,-0.059855
4159,0.059855
4160,0.059855
4161,0.2394202
4162,0
4163,0.1795651
4164,0
4165,0.059855
4166,0
4167,0
4168,0
4169,-0.3591303
4170,-0.3591303
4171,-0.1795651
4172,-0.2992752
4173,-0.1197101
4174,-0.059855
4175,0
4176,-0.059855
4177,-0.2394202
4178,-0.2394202
4179,0.059855
4180,0
4181,-0.059855
4182,-0.1795651
4183,0
4184,0.1197101
4185,0.1197101
4186,0
4187,-0.2394202
4188,-0.059855
4189,-0.059855
4190,0
4191,0
4192,0
4193,-0.2394202
4194,-0.1795651
4195,-0.1795651
4196,0
4197,-0.1197101
4198,0
4199,0
4200,-0.4189853
4201,-0.2394202
4202,0
4203,0
4204,0
4205,0.1795651
4206,0.1197101
4207,0.2394202
4208,0.059855
4209,0.059855
4210,0.2992752
4211,0.1795651
4212,0.2992752
4213,0.4189853
4214,0.4189853
4215,0
4216,0
4217,0
4218,-0.3591303
4219,-0.2992752
4220,-0.1197101
4221,-0.1197101
4222,-0.1795651
4223,0.059855
4224,-0.059855
4225,-0.2394202
4226,-0.1197101
4227,0
4228,0.1795651
4229,0.1197101
4230,0.059855
4231,0.2394202
4232,0.1197101
4233,0.1795651
4234,0.1795651
4235,0.1795651
4236,-0.1197101
4237,-0.2394202
4238,0
4239,0
4240,0.2992752
4241,0.1795651
4242,0
4243,-0.2394202
4244,-0.2394202
4245,-0.1197101
4246,-0.1197101
4247,0
4248,0
4249,0.1197101
4250,0
4251,0
4252,0.1197101
4253,0
4254,-0.059855
4255,0
4256,0
4257,0
4258,0
4259,0
4260,0
4261,0.059855
4262,0.059855
4263,0
4264,0
4265,-0.3591303
4266,-0.1197101
4267,0.059855
4268,0.059855
4269,0
4270,0
4271,0
4272,-0.1795651
4273,-0.2394202
4274,-0.3591303
4275,-0.2394202
4276,-0.059855
4277,0.059855
4278,0.1795651
4279,0.2992752
4280,0.3591303
4281,0.3591303
4282,0.1795651
4283,-0.1197101
4284,-0.1197101
4285,0.059855
4286,0.059855
4287,0
4288,0
4289,0.1795651
4290,0
4291,0.1197101
4292,0.2992752
4293,0.4788404
4294,0.4788404
4295,0.5985504
4296,0.6584055
4297,0.3591303
4298,0.3591303
4299,0.3591303
4300,0.4788404
4301,0.4788404
4302,0.3591303
4303,0.4788404
4304,0.2992752
4305,0.059855
4306,0
4307,-0.059855
4308,-0.059855
4309,-0.1795651
4310,0
4311,0.1197101
4312,0
4313,0.1795651
4314,0
4315,0.1197101
4316,0.2992752
4317,0.4189853
4318,0.4788404
4319,0.1795651
4320,0.1197101
4321,0
4322,0
4323,-0.059855
4324,-0.1197101
4325,-0.059855
4326,-0.059855
4327,0
4328,0
4329,0
4330,0
4331,-0.059855
4332,-0.1795651
4333,-0.3591303
4334,-0.059855
4335,-0.1197101
4336,-0.1197101
4337,0
4338,0
4339,-0.1197101
4340,0.1795651
4341,0
4342,-0.1197101
4343,-0.1197101
4344,-0.4189853
4345,-0.4189853
4346,-0.4788404
4347,-0.3591303
4348,0
4349,0
4350,-0.059855
4351,-0.1197101
4352,-0.059855
4353,-0.1197101
4354,-0.3591303
4355,-0.2394202
4356,0
4357,0
4358,0
4359,0.059855
4360,0
4361,0
4362,-0.1197101
4363,0
4364,-0.2394202
4365,-0.1795651
4366,-0.1197101
4367,0.059855
4368,0.1197101
4369,0.1795651
4370,0.3591303
4371,0.4788404
4372,0.4788404
4373,0.3591303
4374,0.2394202
4375,0.059855
4376,0.1795651
4377,0.2394202
4378,0.1795651
4379,0
4380,0.5985504
4381,0.7182605
4382,0.3591303
4383,0.1795651
4384,0.1197101
4385,-0.059855
4386,0
4387,0.1795651
4388,0.2992752
4389,0.2992752
4390,0.1197101
4391,0.2992752
4392,0.2394202
4393,0.059855
4394,0.059855
4395,0.1197101
4396,0.059855
4397,0.1197101
4398,0.1795651
4399,0.1795651
4400,0.1795651
4401,0.2394202
4402,0.2992752
4403,0.2992752
4404,0.059855
4405,0.1795651
4406,0.059855
4407,0.1795651
4408,0.2394202
4409,0.3591303
4410,0.2394202
4411,0.059855
4412,0
4413,0
4414,-0.1795651
4415,-0.3591303
4416,-0.1795651
4417,-0.3591303
4418,-0.2394202
4419,0
4420,0.1197101
4421,0.059855
4422,0.1197101
4423,0.5985504
4424,0.6584055
4425,0.5386954
4426,0.2992752
4427,0.3591303
4428,0.5386954
4429,0.4788404
4430,0.3591303
4431,0.3591303
4432,0.4189853
4433,0.4189853
4434,0.2992752
4435,0.2394202
4436,0.2394202
4437,0.059855
4438,0.1795651
4439,0.2992752
4440,0.5985504
4441,0.3591303
4442,0
4443,0
4444,0
4445,0.1197101
4446,0
4447,0.2992752
4448,0.4788404
4449,0.5985504
4450,0
4451,-0.059855
4452,0.059855
4453,-0.1197101
4454,-0.1197101
4455,0.2992752
4456,0.4788404
4457,0.4788404
4458,0.3591303
4459,0.2992752
4460,0
4461,-0.059855
4462,0
4463,0
4464,-0.3591303
4465,-0.1795651
4466,-0.1197101
4467,-0.1197101
4468,-0.1795651
4469,-0.5386954
4470,-0.5386954
4471,-0.2394202
4472,-0.059855
4473,0
4474,-0.059855
4475,0
4476,0
4477,0
4478,0
4479,0.1197101
4480,0.1197101
4481,-0.059855
4482,0
4483,0.2992752
4484,0.4189853
4485,0.5386954
4486,0.5985504
4487,0.4788404
4488,0.2992752
4489,0.1795651
4490,0.2394202
4491,0.059855
4492,-0.5985504
4493,-0.5386954
4494,-0.2992752
4495,-0.2394202
4496,-0.4189853
4497,-0.059855
4498,0.1197101
4499,0.1795651
4500,0.3591303
4501,0.3591303
4502,0.4788404
4503,0.4189853
4504,0.4788404
4505,0.4788404
4506,0.5985504
4507,0.8379706
4508,0.3591303
4509,0.2394202
4510,0.2394202
4511,0.1795651
4512,0.059855
4513,0.2992752
4514,0.1795651
4515,0.1197101
4516,0.1197101
4517,0.1795651
4518,0
4519,0
4520,0
4521,0
4522,-0.1795651
4523,-0.2394202
4524,-0.4189853
4525,-0.1795651
4526,0
4527,0.1197101
4528,0.1795651
4529,0.059855
4530,0
4531,0
4532,-0.2394202
4533,-0.059855
4534,0.1795651
4535,0
4536,-0.1197101
4537,-0.1197101
4538,0
4539,0
4540,-0.059855
4541,-0.059855
4542,-0.059855
4543,0
4544,0.059855
4545,-0.1795651
4546,-0.1197101
4547,0
4548,-0.1197101
4549,0
4550,0.059855
4551,0.059855
4552,0
4553,0
4554,0
4555,-0.1795651
4556,-0.2992752
4557,-0.4189853
4558,-0.2992752
4559,-0.1795651
4560,-0.2394202
4561,-0.1795651
4562,-0.1795651
4563,-0.2394202
4564,-0.2394202
4565,-0.059855
4566,0.1197101
4567,-0.059855
4568,-0.059855
4569,0
4570,0
4571,0
4572,-0.059855
4573,-0.1795651
4574,-0.3591303
4575,-0.2992752
4576,-0.2394202
4577,-0.1795651
4578,-0.1197101
4579,-0.1197101
4580,0
4581,0
4582,0.059855
4583,0
4584,0.059855
4585,0
4586,0
4587,0
4588,0.1795651
4589,0.2394202
4590,0.1197101
4591,0.2394202
4592,0
4593,0
4594,0.1795651
4595,0.2394202
4596,0.3591303
4597,0.1795651
4598,0.2992752
4599,0.1795651
4600,-0.059855
4601,-0.1795651
4602,0
4603,0.059855
4604,0.059855
4605,0
4606,-0.059855
4607,-0.2992752
4608,-0.2394202
4609,-0.4189853
4610,-0.1795651
4611,-0.2992752
4612,0
4613,0
4614,-0.1197101
4615,-0.059855
4616,-0.059855
4617,-0.059855
4618,0
4619,0
4620,-0.1197101
4621,-0.1197101
4622,-0.1197101
4623,-0.059855
4624,-0.1197101
4625,-0.059855
4626,0
4627,-0.059855
4628,0
4629,0.1795651
4630,0
4631,0.2992752
4632,0.1795651
4633,0.1197101
4634,0.1795651
4635,0.2394202
4636,0
4637,0.1197101
4638,0.1795651
4639,0.3591303
4640,0.4788404
4641,0.5985504
4642,0.3591303
4643,0.2992752
4644,0.2394202
4645,0.1197101
4646,0.1795651
4647,0.1197101
4648,0.059855
4649,0.059855
4650,0
4651,0
4652,0.1197101
4653,0
4654,-0.2394202
4655,-0.2992752
4656,-0.1795651
4657,-0.1795651
4658,-0.2394202
4659,-0.2394202
4660,-0.059855
4661,0.059855
4662,0.059855
4663,0.059855
4664,0
4665,0
4666,0
4667,0
4668,0
4669,0
4670,0.1197101
4671,0.059855
4672,0
4673,0
4674,0
4675,0.059855
4676,0
4677,0.2394202
4678,0.2394202
4679,0.2394202
4680,0.4189853
4681,0.2992752
4682,0.2992752
4683,0.059855
4684,-0.059855
4685,0
4686,0.2394202
4687,0
4688,-0.059855
4689,-0.059855
4690,0.059855
4691,0
4692,-0.2394202
4693,-0.5386954
4694,-0.2394202
4695,-0.4189853
4696,-0.4189853
4697,-0.2394202
4698,-0.2394202
4699,-0.3591303
4700,-0.4788404
4701,-0.2394202
4702,-0.3591303
4703,-0.3591303
4704,-0.1795651
4705,-0.1197101
4706,-0.059855
4707,-0.1795651
4708,0.059855
4709,0.1197101
4710,0.1795651
4711,0.1795651
4712,0.1197101
4713,0.2992752
4714,0.1795651
4715,0.1795651
4716,0.1197101
4717,0.2394202
4718,0.059855
4719,0.059855
4720,0.2992752
4721,0.5386954
4722,0.2394202
4723,0.1197101
4724,0.2394202
4725,0.059855
4726,0.1197101
4727,0.1197101
4728,0.1197101
4729,0.059855
4730,0
4731,-0.2394202
4732,0
4733,-0.059855
4734,0
4735,-0.1197101
4736,0
4737,0.2992752
4738,0
4739,0.059855
4740,0.059855
4741,0.1795651
4742,0.1197101
4743,0.059855
4744,0.059855
4745,0.1795651
4746,0.059855
4747,0.1197101
4748,0.3591303
4749,0.4189853
4750,0.2394202
4751,0
4752,0
4753,-0.059855
4754,0
4755,0.1197101
4756,0
4757,0
4758,0.1197101
4759,0
4760,0
4761,0
4762,0
4763,-0.059855
4764,-0.1197101
4765,-0.1197101
4766,-0.1197101
4767,-0.1197101
4768,-0.1197101
4769,-0.2394202
4770,-0.4189853
4771,-0.2394202
4772,0
4773,0
4774,-0.059855
4775,0
4776,0.059855
4777,0.059855
4778,0
4779,-0.1197101
4780,0
4781,-0.059855
4782,-0.2394202
4783,-0.2992752
4784,0
4785,-0.059855
4786,-0.1795651
4787,-0.1795651
4788,-0.059855
4789,0.059855
4790,-0.059855
4791,-0.059855
4792,-0.1197101
4793,0
4794,-0.1795651
4795,0
4796,0.1197101
4797,0.2992752
4798,0
4799,-0.059855
4800,0
4801,-0.3591303
4802,-0.4788404
4803,-0.059855
4804,0.059855
4805,-0.2992752
4806,-0.4788404
4807,-0.7182605
4808,-0.7781155
4809,-0.5985504
4810,-0.5985504
4811,0
4812,-0.2394202
4813,0
4814,-0.059855
4815,-0.1197101
4816,-0.4189853
4817,-0.5985504
4818,-0.2394202
4819,0
4820,-0.059855
4821,-0.059855
4822,0
4823,0
4824,-0.1795651
4825,0
4826,0.1197101
4827,0.1197101
4828,0.059855
4829,0.2394202
4830,0.1197101
4831,0
4832,0.1197101
4833,0
4834,0.059855
4835,0.2394202
4836,0.5985504
4837,0.2992752
4838,0
4839,0.1197101
4840,0.2992752
4841,0.1197101
4842,0
4843,0
4844,0.2992752
4845,0.059855
4846,0.1795651
4847,0.1795651
4848,0
4849,0.059855
4850,0
4851,0
4852,-0.1197101
4853,0
4854,0
4855,0
4856,0.1197101
4857,0.059855
4858,0
4859,0.059855
4860,0
4861,0.1795651
4862,0
4863,0
4864,0
4865,0
4866,0
4867,0.1795651
4868,0.3591303
4869,0.2992752
4870,0.2992752
4871,0.1795651
4872,0
4873,0.059855
4874,0.2394202
4875,0.4189853
4876,0.4788404
4877,0
4878,-0.059855
4879,-0.1197101
4880,0.059855
4881,0.059855
4882,0
4883,-0.059855
4884,0.059855
4885,0
4886,0
4887,-0.059855
4888,0
4889,0.1197101
4890,0.059855
4891,0.059855
4892,0.1197101
4893,0.1197101
4894,0
4895,0
4896,0
4897,0.2394202
4898,0.2992752
4899,0
4900,0
4901,0
4902,0
4903,0.2394202
4904,0.1197101
4905,0.1795651
4906,-0.059855
4907,0.059855
4908,-0.059855
4909,-0.2992752
4910,-0.2394202
4911,0
4912,0.059855
4913,-0.059855
4914,0
4915,0
4916,-0.1795651
4917,-0.3591303
4918,-0.1197101
4919,0
4920,0
4921,-0.1795651
4922,-0.059855
4923,0.059855
4924,0
4925,0
4926,-0.059855
4927,-0.2394202
4928,-0.1795651
4929,0
4930,-0.1795651
4931,0
4932,-0.059855
4933,0
4934,0
4935,0
4936,-0.1197101
4937,-0.1197101
4938,-0.2394202
4939,-0.1197101
4940,-0.4189853
4941,-0.3591303
4942,-0.1197101
4943,-0.1197101
4944,-0.059855
4945,-0.1197101
4946,0
4947,0
4948,-0.3591303
4949,-0.3591303
4950,-0.1197101
4951,-0.059855
4952,-0.1197101
4953,-0.059855
4954,-0.1795651
4955,-0.4189853
4956,-0.1197101
4957,0.059855
4958,0.3591303
4959,0.3591303
4960,0.3591303
4961,0.1795651
4962,0.1197101
4963,0
4964,-0.059855
4965,0
4966,0.2394202
4967,0.1197101
4968,0
4969,0
4970,0.1197101
4971,0
4972,-0.1795651
4973,-0.1795651
4974,0
4975,0.2992752
4976,0.1197101
4977,0
4978,0.1795651
4979,0
4980,-0.059855
4981,0
4982,0.2394202
4983,0
4984,-0.059855
4985,0
4986,0
4987,0
4988,0.2394202
4989,0.2394202
4990,0.2394202
4991,0.1197101
4992,0
4993,0.059855
4994,0
4995,-0.1795651
4996,-0.2394202
4997,-0.2394202
4998,-0.1795651
4999,0
5000,0
5001,-0.059855
5002,0.1197101
5003,0.3591303
5004,0.2992752
5005,0
5006,0.1795651
5007,0.1795651
5008,0.2394202
5009,0.3591303
5010,0.1197101
5011,-0.059855
5012,-0.2992752
5013,0
5014,0.1795651
5015,0.1795651
5016,0
5017,-0.059855
5018,0
5019,-0.1795651
5020,-0.059855
5021,0
5022,-0.1197101
5023,-0.1795651
5024,0
5025,0.2394202
5026,0.1197101
5027,0.059855
5028,0
5029,0.059855
5030,0.1795651
5031,0.4788404
5032,0.2992752
5033,0.4189853
5034,0.2992752
5035,0.2992752
5036,0.3591303
5037,0.5386954
5038,0.4189853
5039,0
5040,-0.1197101
5041,0
5042,-0.1197101
5043,-0.1795651
5044,0
5045,0.3591303
5046,0.2992752
5047,0.2992752
5048,0.1197101
5049,0
5050,0
5051,0
5052,0
5053,0
5054,-0.059855
5055,0
5056,0.3591303
5057,0.1197101
5058,0.059855
5059,0.1795651
5060,0.3591303
5061,0.3591303
5062,0.1197101
5063,0.059855
5064,0.2394202
5065,0.2394202
5066,0
5067,0
5068,0.1197101
5069,0.4788404
5070,0.059855
5071,0.1197101
5072,0
5073,-0.2394202
5074,-0.1795651
5075,-0.2992752
5076,-0.4189853
5077,-0.4189853
5078,-0.4189853
5079,-0.6584055
5080,-0.3591303
5081,-0.4189853
5082,-0.3591303
5083,-0.1795651
5084,0
5085,0
5086,0
5087,-0.059855
5088,-0.059855
5089,0.059855
5090,0.2394202
5091,0.1197101
5092,0.059855
5093,-0.059855
5094,0
5095,0
5096,0
5097,-0.059855
5098,-0.1795651
5099,-0.1197101
5100,0
5101,0.059855
5102,-0.059855
5103,-0.1197101
5104,-0.2992752
5105,-0.4189853
5106,-0.4788404
5107,-0.4788404
5108,-0.3591303
5109,-0.2992752
5110,0
5111,0
5112,0
5113,0
5114,0
5115,0
5116,0
5117,-0.059855
5118,0
5119,0
5120,0
5121,-0.2992752
5122,-0.2992752
5123,-0.2992752
5124,-0.2394202
5125,-0.2992752
5126,-0.4788404
5127,-0.3591303
5128,0
5129,0
5130,0
5131,0.059855
5132,0.1795651
5133,0.1795651
5134,0.1795651
5135,0.2992752
5136,0.2394202
5137,0
5138,0
5139,0.1197101
5140,0
5141,0.1197101
5142,0.1197101
5143,0.1795651
5144,0.1197101
5145,0.3591303
5146,0.2992752
5147,0.6584055
5148,0.5386954
5149,0
5150,0.1795651
5151,0.3591303
5152,0.3591303
5153,0.2992752
5154,0.4189853
5155,0.2992752
5156,0.1197101
5157,0
5158,-0.1197101
5159,-0.059855
5160,-0.059855
5161,0
5162,0.1795651
5163,0.1197101
5164,0.2992752
5165,0.2394202
5166,0
5167,0
5168,0
5169,0.1197101
5170,0.1197101
5171,0
5172,0.2394202
5173,0
5174,0
5175,0.1795651
5176,0.059855
5177,-0.2394202
5178,-0.2394202
5179,-0.1795651
5180,-0.1197101
5181,0
5182,0.1795651
5183,0.3591303
5184,0.4189853
5185,0.5386954
5186,0.1795651
5187,0.2992752
5188,0.7182605
5189,0.5386954
5190,0.059855
5191,0
5192,0
5193,0.059855
5194,0.059855
5195,0.1197101
5196,0.059855
5197,-0.1197101
5198,0
5199,-0.1197101
5200,-0.1795651
5201,-0.3591303
5202,-0.5386954
5203,-0.2394202
5204,0
5205,-0.059855
5206,0
5207,-0.059855
5208,-0.1197101
5209,0
5210,0
5211,0.1795651
5212,0.3591303
5213,0.4788404
5214,0.3591303
5215,0.3591303
5216,0
5217,-0.2394202
5218,-0.2394202
5219,-0.2394202
5220,0
5221,-0.4189853
5222,-0.3591303
5223,-0.4788404
5224,-0.2394202
5225,-0.4189853
5226,-0.3591303
5227,-0.4189853
5228,-0.3591303
5229,-0.2992752
5230,-0.5386954
5231,-0.1795651
5232,-0.059855
5233,-0.1795651
5234,0
5235,0
5236,0.059855
5237,0.059855
5238,0.059855
5239,0
5240,0.059855
5241,0.1795651
5242,0
5243,-0.2394202
5244,-0.2992752
5245,-0.059855
5246,0.1197101
5247,0
5248,-0.1795651
5249,-0.059855
5250,0
5251,-0.2992752
5252,0
5253,0.1197101
5254,-0.059855
5255,0
5256,0
5257,-0.1795651
5258,-0.2394202
5259,-0.1197101
5260,0.059855
5261,0.2394202
5262,0
5263,0
5264,0
5265,-0.2394202
5266,-0.1795651
5267,-0.3591303
5268,-0.2992752
5269,-0.1795651
5270,-0.1197101
5271,-0.2394202
5272,-0.059855
5273,0.059855
5274,0.1197101
5275,0.2394202
5276,0
5277,0
5278,-0.1197101
5279,0
5280,-0.059855
5281,0
5282,0
5283,-0.1197101
5284,0.059855
5285,0
5286,0
5287,-0.2394202
5288,-0.3591303
5289,-0.2394202
5290,-0.059855
5291,-0.1197101
5292,0
5293,0
5294,-0.059855
5295,-0.1197101
5296,-0.059855
5297,0
5298,-0.2394202
5299,-0.3591303
5300,-0.2394202
5301,-0.2992752
5302,-0.1795651
5303,-0.059855
5304,-0.1197101
5305,0
5306,0.2394202
5307,0
5308,0
5309,0
5310,0
5311,0
5312,0
5313,0
5314,0
5315,0.059855
5316,0.3591303
5317,0.3591303
5318,0.2992752
5319,0.1795651
5320,0
5321,-0.1795651
5322,-0.1197101
5323,0
5324,0.2394202
5325,0.2394202
5326,0.059855
5327,0.1795651
5328,0
5329,-0.059855
5330,-0.1795651
5331,0
5332,0
5333,0
5334,-0.1197101
5335,-0.1197101
5336,0.059855
5337,0
5338,-0.059855
5339,-0.1795651
5340,0
5341,0
5342,0.059855
5343,0
5344,0
5345,0.4788404
5346,0.3591303
5347,0.3591303
5348,0.5386954
5349,0.1795651
5350,0.2394202
5351,0
5352,0.1197101
5353,0.4189853
5354,0.2394202
5355,0
5356,0.059855
5357,-0.059855
5358,-0.1197101
5359,0
5360,0
5361,0
5362,0
5363,0.1795651
5364,-0.059855
5365,-0.1795651
5366,-0.2394202
5367,-0.3591303
5368,-0.1795651
5369,-0.1795651
5370,-0.059855
5371,0.1197101
5372,0.1197101
5373,0.2992752
5374,0
5375,-0.2394202
5376,-0.1795651
5377,-0.059855
5378,-0.059855
5379,-0.059855
5380,-0.059855
5381,-0.059855
5382,-0.2992752
5383,-0.1197101
5384,-0.1197101
5385,0
5386,-0.2394202
5387,-0.059855
5388,0
5389,0.1197101
5390,0.059855
5391,0
5392,-0.059855
5393,-0.1197101
5394,-0.059855
5395,-0.2992752
5396,0
5397,0.059855
5398,0
5399,0
5400,0
5401,-0.059855
5402,0
5403,0.2394202
5404,0.059855
5405,0
5406,0.059855
5407,0.1795651
5408,0.1197101
5409,-0.1795651
5410,-0.059855
5411,0.2394202
5412,0.1197101
5413,0.1197101
5414,0.1795651
5415,0.059855
5416,0.059855
5417,0.2992752
5418,0.2992752
5419,0.2992752
5420,0.4189853
5421,0.3591303
5422,0.4788404
5423,0.4788404
5424,0.5386954
5425,0.4189853
5426,0
5427,0.059855
5428,0.2992752
5429,0.2992752
5430,0.2394202
5431,0.059855
5432,0.059855
5433,0
5434,0
5435,0
5436,0.2394202
5437,0.2992752
5438,0.3591303
5439,0.059855
5440,0.1197101
5441,0.1197101
5442,0
5443,-0.1795651
5444,-0.1197101
5445,0
5446,0
5447,0
5448,-0.1197101
5449,-0.1795651
5450,-0.2992752
5451,0
5452,0.1197101
5453,0.059855
5454,0.1197101
5455,0.059855
5456,0.1197101
5457,0.059855
5458,0
5459,0.059855
5460,-0.059855
5461,-0.059855
5462,0
5463,0
5464,-0.059855
5465,0
5466,0.059855
5467,0
5468,-0.1197101
5469,0
5470,0.1197101
5471,0.1795651
5472,0.1795651
5473,0.1795651
5474,0.5386954
5475,0.3591303
5476,0.2394202
5477,0.1795651
5478,-0.059855
5479,-0.4189853
5480,0
5481,0.1197101
5482,0.1197101
5483,0.1197101
5484,0
5485,-0.1197101
5486,0
5487,-0.1795651
5488,0
5489,0.5386954
5490,0.5985504
5491,0.5386954
5492,0.4788404
5493,0.2394202
5494,0.1197101
5495,0
5496,0.1795651
5497,0.2394202
5498,0.059855
5499,0
5500,-0.2394202
5501,-0.3591303
5502,-0.4189853
5503,-0.4189853
5504,-0.1795651
5505,-0.059855
5506,-0.2992752
5507,-0.2992752
5508,-0.2992752
5509,0
5510,-0.1197101
5511,-0.2394202
5512,-0.059855
5513,0
5514,0.059855
5515,0.4788404
5516,0.2992752
5517,0
5518,-0.059855
5519,-0.1197101
5520,0.1197101
5521,0.059855
5522,0.1197101
5523,0.059855
5524,0
5525,-0.2992752
5526,-0.2394202
5527,-0.2394202
5528,-0.059855
5529,0
5530,0
5531,0
5532,0
5533,-0.059855
5534,0.059855
5535,0.1197101
5536,0.3591303
5537,0.3591303
5538,0.6584055
5539,0.4189853
5540,0.5386954
5541,0.1197101
5542,0
5543,0.1197101
5544,0
5545,0
5546,0
5547,0
5548,0.2394202
5549,0
5550,-0.1795651
5551,-0.2394202
5552,-0.2992752
5553,-0.4788404
5554,-0.1795651
5555,0
5556,0
5557,0
5558,0
5559,0.1795651
5560,0.2394202
5561,0.3591303
5562,0.2992752
5563,0.1795651
5564,0.1795651
5565,0.1197101
5566,0
5567,-0.2394202
5568,-0.2992752
5569,-0.2992752
5570,0
5571,-0.059855
5572,0
5573,0
5574,-0.059855
5575,-0.1795651
5576,-0.059855
5577,0
5578,0
5579,0
5580,-0.059855
5581,-0.059855
5582,0
5583,0
5584,-0.1197101
5585,-0.059855
5586,-0.1197101
5587,0
5588,0
5589,0.059855
5590,0.059855
5591,0.059855
5592,0.1795651
5593,0
5594,0
5595,0
5596,0.059855
5597,0
5598,-0.1197101
5599,0
5600,0
5601,0.2394202
5602,0.2394202
5603,0.4189853
5604,0.3591303
5605,0.3591303
5606,0.059855
5607,0
5608,-0.1197101
5609,-0.2992752
5610,-0.3591303
5611,-0.4788404
5612,-0.2992752
5613,-0.3591303
5614,-0.2992752
5615,-0.1197101
5616,-0.2394202
5617,-0.1795651
5618,0
5619,0
5620,0.2394202
5621,0
5622,-0.1197101
5623,0
5624,-0.2394202
5625,-0.2394202
5626,0
5627,0.059855
5628,0.059855
5629,0.1197101
5630,0.2394202
5631,0.4189853
5632,0.4189853
5633,0.4788404
5634,0.1795651
5635,0.059855
5636,0.059855
5637,0
5638,0
5639,-0.2394202
5640,0
5641,0
5642,0
5643,0
5644,0.2394202
5645,0.2394202
5646,0.059855
5647,0.059855
5648,0
5649,0
5650,0
5651,0.1197101
5652,0.2394202
5653,0.059855
5654,0.1795651
5655,0.2992752
5656,0
5657,0
5658,0
5659,0
5660,0.059855
5661,0
5662,0
5663,0
5664,-0.1197101
5665,0
5666,0
5667,0
5668,0
5669,0
5670,0
5671,-0.7182605
5672,-0.4788404
5673,-0.3591303
5674,-0.1197101
5675,-0.1197101
5676,0
5677,-0.059855
5678,0
5679,0
5680,0
5681,0.059855
5682,0
5683,-0.059855
5684,-0.1197101
5685,0
5686,-0.1795651
5687,-0.2394202
5688,-0.1795651
5689,0
5690,0.059855
5691,0
5692,0.1197101
5693,0.059855
5694,0
5695,-0.059855
5696,0
5697,0.1197101
5698,0.2992752
5699,0.1197101
5700,0.1197101
5701,-0.1197101
5702,-0.4788404
5703,-0.5386954
5704,-0.1795651
5705,0
5706,-0.059855
5707,-0.1795651
5708,-0.3591303
5709,-0.3591303
5710,-0.2394202
5711,-0.1795651
5712,0
5713,-0.1795651
5714,-0.2394202
5715,0
5716,0
5717,0
5718,0
5719,0.1795651
5720,0.1197101
5721,0.1795651
5722,0.4788404
5723,0.1795651
5724,0
5725,0.059855
5726,0
5727,0
5728,0
5729,-0.2992752
5730,-0.1795651
5731,0
5732,0
5733,0.1795651
5734,0.4189853
5735,0.2992752
5736,0.3591303
5737,0.4189853
5738,0.2992752
5739,0.2992752
5740,0
5741,0
5742,0
5743,0.059855
5744,0
5745,0.1795651
5746,0.3591303
5747,0.1795651
5748,0.2992752
5749,0.2394202
5750,-0.059855
5751,0
5752,-0.1197101
5753,-0.2992752
5754,-0.059855
5755,0
5756,-0.1197101
5757,-0.2394202
5758,-0.1795651
5759,-0.1795651
5760,0
5761,0
5762,0
5763,-0.2394202
5764,-0.059855
5765,0
5766,0.1197101
5767,-0.1197101
5768,-0.059855
5769,0.1795651
5770,0.059855
5771,0.1197101
5772,0.1795651
5773,0.2394202
5774,-0.059855
5775,0
5776,-0.4189853
5777,-0.2394202
5778,-0.3591303
5779,-0.3591303
5780,-0.2394202
5781,-0.2992752
5782,0
5783,0
5784,0
5785,-0.1197101
5786,0
5787,0
5788,0
5789,0
5790,-0.1197101
5791,-0.059855
5792,-0.059855
5793,-0.059855
5794,-0.2992752
5795,-0.1795651
5796,-0.1795651
5797,-0.4189853
5798,-0.5386954
5799,-0.2394202
5800,-0.1197101
5801,-0.059855
5802,0
5803,-0.1197101
5804,0.1795651
5805,0.2394202
5806,0.059855
5807,0.2394202
5808,0.1197101
5809,0
5810,0
5811,0
5812,0.059855
5813,0.059855
5814,0.2394202
5815,0.4189853
5816,0.059855
5817,0
5818,0.059855
5819,0.2394202
5820,0
5821,0
5822,0
5823,0
5824,-0.059855
5825,-0.059855
5826,-0.1197101
5827,-0.1197101
5828,0
5829,0.1795651
5830,0
5831,0
5832,-0.1197101
5833,0
5834,-0.1197101
5835,-0.1197101
5836,-0.1795651
5837,-0.2394202
5838,0.059855
5839,0
5840,0
5841,0
5842,0
5843,0.1197101
5844,0.3591303
5845,0.059855
5846,0
5847,-0.3591303
5848,-0.1795651
5849,-0.2992752
5850,-0.1795651
5851,0
5852,0
5853,0.059855
5854,0.059855
5855,0
5856,0
5857,0
5858,0
5859,-0.2394202
5860,-0.1795651
5861,0
5862,0.1197101
5863,-0.059855
5864,-0.2992752
5865,0
5866,-0.1197101
5867,0.059855
5868,0.2394202
5869,0.1197101
5870,0
5871,-0.059855
5872,-0.1197101
5873,-0.2394202
5874,-0.2992752
5875,-0.1197101
5876,0.1197101
5877,0.1197101
5878,0.1197101
5879,0
5880,0.059855
5881,0.3591303
5882,0.1197101
5883,0.2394202
5884,-0.059855
5885,0.1795651
5886,0
5887,0
5888,-0.5985504
5889,-0.1197101
5890,0.059855
5891,-0.3591303
5892,-0.5386954
5893,-0.5985504
5894,-0.1197101
5895,-0.7781155
5896,-0.8978256
5897,-0.2992752
5898,0
5899,-0.3591303
5900,-0.2992752
5901,-0.059855
5902,-0.059855
5903,0
5904,0.1795651
5905,0
5906,0
5907,-0.059855
5908,0.059855
5909,-0.059855
5910,0
5911,0.2394202
5912,0.059855
5913,-0.059855
5914,-0.3591303
5915,-0.2992752
5916,-0.2992752
5917,-0.2394202
5918,-0.1197101
5919,-0.4189853
5920,-0.3591303
5921,-0.059855
5922,0
5923,0
5924,0.059855
5925,0.2992752
5926,0.059855
5927,0.1197101
5928,0.2992752
5929,0.4189853
5930,0
5931,-0.059855
5932,0
5933,0.059855
5934,-0.2992752
5935,-0.2992752
5936,-0.059855
5937,0
5938,-0.1197101
5939,0
5940,0.059855
5941,-0.1197101
5942,-0.1197101
5943,0.1197101
5944,0
5945,-0.059855
5946,0
5947,0.1795651
5948,0.2992752
5949,0
5950,-0.059855
5951,-0.2394202
5952,-0.2992752
5953,0
5954,0
5955,0.2992752
5956,0.2394202
5957,0.1197101
5958,-0.2992752
5959,0
5960,0.1197101
5961,0.2394202
5962,0
5963,0
5964,-0.1197101
5965,-0.1197101
5966,-0.2992752
5967,-0.5386954
5968,-0.2394202
5969,-0.2394202
5970,-0.2992752
5971,-0.4788404
5972,-0.4189853
5973,-0.2394202
5974,0.1197101
5975,0.059855
5976,0
5977,0
5978,0.059855
5979,0.1197101
5980,0.3591303
5981,0
5982,0
5983,-0.1197101
5984,-0.059855
5985,-0.1795651
5986,-0.2992752
5987,-0.1197101
5988,0
5989,-0.1197101
5990,0
5991,-0.1197101
5992,0.059855
5993,0.2992752
5994,0.2992752
5995,0
5996,0
5997,0
5998,0
5999,0.2394202
6000,0.3591303
